match_id,versus,batting_team,order,batsmen,out,runs_scored,balls,fours_scored,sixes_scored,sr
1,U.S.A. vs Canada,Canada,1,Aaron Johnson ,c Kumar b Harmeet Singh,23,16,5,0,143.75
1,U.S.A. vs Canada,Canada,2,Navneet Dhaliwal ,c Jasdeep Singh b Anderson,61,44,6,3,138.63
1,U.S.A. vs Canada,Canada,3,Pargat Singh ,run out (Jasdeep Singh/†Patel),5,7,0,0,71.42
1,U.S.A. vs Canada,Canada,4,Nicholas Kirton ,c Anderson b Ali Khan,51,31,3,2,164.51
1,U.S.A. vs Canada,Canada,5,Shreyas Movva †,not out,32,16,2,2,200.00
1,U.S.A. vs Canada,Canada,6,Dilpreet Bajwa ,run out (Taylor/†Patel),11,5,1,1,220.00
1,U.S.A. vs Canada,Canada,7,Dilon Heyliger ,not out,1,1,0,0,100.00
1,U.S.A. vs Canada,United States Of America,1,Steven Taylor ,lbw b Kaleem Sana,0,2,0,0,0.00
1,U.S.A. vs Canada,United States Of America,2,Monank Patel (c)†,c †Movva b Heyliger,16,16,2,0,100.00
1,U.S.A. vs Canada,United States Of America,3,Andries Gous ,c Johnson b Dutta,65,46,7,3,141.30
1,U.S.A. vs Canada,United States Of America,4,Aaron Jones ,not out,94,40,4,10,235.00
1,U.S.A. vs Canada,United States Of America,5,Corey Anderson ,not out,3,5,0,0,60.00
2,West Indies vs P.N.G.,Papua New Guinea,1,Tony Ura ,c †Pooran b Shepherd,2,5,0,0,40.00
2,West Indies vs P.N.G.,Papua New Guinea,2,Assad Vala (c),c Chase b Joseph,21,22,2,1,95.45
2,West Indies vs P.N.G.,Papua New Guinea,3,Lega Siaka ,b Hosein,1,2,0,0,50.00
2,West Indies vs P.N.G.,Papua New Guinea,4,Sese Bau ,b Joseph,50,43,6,1,116.27
2,West Indies vs P.N.G.,Papua New Guinea,5,Hiri Hiri ,c Powell b Motie,2,6,0,0,33.33
2,West Indies vs P.N.G.,Papua New Guinea,6,Charles Amini ,c †Pooran b Russell,12,14,0,0,85.71
2,West Indies vs P.N.G.,Papua New Guinea,7,Kiplin Doriga †,not out,27,18,3,0,150.00
2,West Indies vs P.N.G.,Papua New Guinea,8,Chad Soper ,b Russell,10,9,1,0,111.11
2,West Indies vs P.N.G.,Papua New Guinea,9,Alei Nao ,run out (Joseph),0,0,0,0,-
2,West Indies vs P.N.G.,Papua New Guinea,10,Kabua Morea ,not out,2,2,0,0,100.00
2,West Indies vs P.N.G.,West Indies,1,Brandon King ,c Siaka b Vala,34,29,7,0,117.24
2,West Indies vs P.N.G.,West Indies,2,Johnson Charles ,lbw b Nao,0,1,0,0,0.00
2,West Indies vs P.N.G.,West Indies,3,Nicholas Pooran †,c Ura b Kariko,27,27,1,2,100.00
2,West Indies vs P.N.G.,West Indies,4,Roston Chase ,not out,42,27,4,2,155.55
2,West Indies vs P.N.G.,West Indies,5,Rovman Powell (c),c †Doriga b Soper,15,14,2,0,107.14
2,West Indies vs P.N.G.,West Indies,6,Sherfane Rutherford ,c †Doriga b Vala,2,7,0,0,28.57
2,West Indies vs P.N.G.,West Indies,7,Andre Russell ,not out,15,9,0,1,166.66
3,Oman vs Namibia,Oman,1,Kashyap Prajapati ,lbw b Trumpelmann,0,1,0,0,0.00
3,Oman vs Namibia,Oman,2,Naseem Khushi †,c Erasmus b Trumpelmann,6,6,1,0,100.00
3,Oman vs Namibia,Oman,3,Aqib Ilyas (c),lbw b Trumpelmann,0,1,0,0,0.00
3,Oman vs Namibia,Oman,4,Zeeshan Maqsood ,lbw b Scholtz,22,20,4,0,110.00
3,Oman vs Namibia,Oman,5,Khalid Kail ,c & b Wiese,34,39,1,1,87.17
3,Oman vs Namibia,Oman,6,Ayaan Khan ,c Frylinck b Erasmus,15,21,0,1,71.42
3,Oman vs Namibia,Oman,7,Mohammad Nadeem ,lbw b Erasmus,6,10,0,0,60.00
3,Oman vs Namibia,Oman,8,Mehran Khan ,lbw b Wiese,7,8,1,0,87.50
3,Oman vs Namibia,Oman,9,Shakeel Ahmed ,c Trumpelmann b Wiese,11,9,2,0,122.22
3,Oman vs Namibia,Oman,10,Kaleemullah ,lbw b Trumpelmann,2,3,0,0,66.66
3,Oman vs Namibia,Oman,11,Bilal Khan ,not out,1,1,0,0,100.00
3,Oman vs Namibia,Namibia,1,Michael van Lingen ,b Bilal Khan,0,2,0,0,0.00
3,Oman vs Namibia,Namibia,2,Nikolaas Davin ,c Mohammad Nadeem b Aqib Ilyas,24,31,2,1,77.41
3,Oman vs Namibia,Namibia,3,Jan Frylinck ,b Mehran Khan,45,48,6,0,93.75
3,Oman vs Namibia,Namibia,4,Gerhard Erasmus (c),c Zeeshan Maqsood b Ayaan Khan,13,16,1,0,81.25
3,Oman vs Namibia,Namibia,5,JJ Smit ,c Ayaan Khan b Mehran Khan,8,12,1,0,66.66
3,Oman vs Namibia,Namibia,6,David Wiese ,not out,9,8,0,1,112.50
3,Oman vs Namibia,Namibia,7,Zane Green †,lbw b Mehran Khan,0,2,0,0,0.00
3,Oman vs Namibia,Namibia,8,Malan Kruger ,not out,1,1,0,0,100.00
4,Sri Lanka vs South Africa,Sri Lanka,1,Pathum Nissanka ,c Klaasen b Baartman,3,8,0,0,37.50
4,Sri Lanka vs South Africa,Sri Lanka,2,Kusal Mendis †,c Stubbs b Nortje,19,30,1,0,63.33
4,Sri Lanka vs South Africa,Sri Lanka,3,Kamindu Mendis ,c Hendricks b Nortje,11,15,1,0,73.33
4,Sri Lanka vs South Africa,Sri Lanka,4,Wanindu Hasaranga (c),st †de Kock b Maharaj,0,2,0,0,0.00
4,Sri Lanka vs South Africa,Sri Lanka,5,Sadeera Samarawickrama ,b Maharaj,0,1,0,0,0.00
4,Sri Lanka vs South Africa,Sri Lanka,6,Charith Asalanka ,c Hendricks b Nortje,6,9,0,0,66.66
4,Sri Lanka vs South Africa,Sri Lanka,7,Angelo Mathews ,c Baartman b Nortje,16,16,0,2,100.00
4,Sri Lanka vs South Africa,Sri Lanka,8,Dasun Shanaka ,b Rabada,9,10,0,1,90.00
4,Sri Lanka vs South Africa,Sri Lanka,9,Maheesh Theekshana ,not out,7,16,1,0,43.75
4,Sri Lanka vs South Africa,Sri Lanka,10,Matheesha Pathirana ,c Markram b Rabada,0,4,0,0,0.00
4,Sri Lanka vs South Africa,Sri Lanka,11,Nuwan Thushara ,run out (Nortje/Jansen),0,4,0,0,0.00
4,Sri Lanka vs South Africa,South Africa,1,Quinton de Kock †,c & b Hasaranga,20,27,0,1,74.07
4,Sri Lanka vs South Africa,South Africa,2,Reeza Hendricks ,c PHKD Mendis b Thushara,4,2,1,0,200.00
4,Sri Lanka vs South Africa,South Africa,3,Aiden Markram (c),c PHKD Mendis b Shanaka,12,14,0,1,85.71
4,Sri Lanka vs South Africa,South Africa,4,Tristan Stubbs ,c Asalanka b Hasaranga,13,28,0,0,46.42
4,Sri Lanka vs South Africa,South Africa,5,Heinrich Klaasen ,not out,19,22,1,1,86.36
4,Sri Lanka vs South Africa,South Africa,6,David Miller ,not out,6,6,1,0,100.00
5,Afghanistan vs Uganda,Afghanistan,1,Rahmanullah Gurbaz †,c Riazat Ali Shah b Ramjani,76,45,4,4,168.88
5,Afghanistan vs Uganda,Afghanistan,2,Ibrahim Zadran ,b Masaba,70,46,9,1,152.17
5,Afghanistan vs Uganda,Afghanistan,3,Najibullah Zadran ,c Nakrani b Masaba,2,3,0,0,66.66
5,Afghanistan vs Uganda,Afghanistan,4,Mohammad Nabi ,not out,14,16,0,0,87.50
5,Afghanistan vs Uganda,Afghanistan,5,Gulbadin Naib ,c Masaba b Kyewuta,4,5,0,0,80.00
5,Afghanistan vs Uganda,Afghanistan,6,Azmatullah Omarzai ,c Ramjani b Kyewuta,5,5,0,0,100.00
5,Afghanistan vs Uganda,Afghanistan,7,Rashid Khan (c),not out,2,1,0,0,200.00
5,Afghanistan vs Uganda,Uganda,1,Ronak Patel ,b Fazalhaq Farooqi,4,2,1,0,200.00
5,Afghanistan vs Uganda,Uganda,2,Simon Ssesazi †,c Fazalhaq Farooqi b Mujeeb Ur Rahman,4,4,1,0,100.00
5,Afghanistan vs Uganda,Uganda,3,Roger Mukasa ,lbw b Fazalhaq Farooqi,0,1,0,0,0.00
5,Afghanistan vs Uganda,Uganda,4,Riazat Ali Shah ,b Fazalhaq Farooqi,11,34,0,0,32.35
5,Afghanistan vs Uganda,Uganda,5,Dinesh Nakrani ,b Naveen-ul-Haq,6,8,1,0,75.00
5,Afghanistan vs Uganda,Uganda,6,Alpesh Ramjani ,c Gulbadin Naib b Naveen-ul-Haq,0,2,0,0,0.00
5,Afghanistan vs Uganda,Uganda,7,Robinson Obuya ,c †Rahmanullah Gurbaz b Fazalhaq Farooqi,14,25,0,1,56.00
5,Afghanistan vs Uganda,Uganda,8,Brian Masaba (c),c †Rahmanullah Gurbaz b Fazalhaq Farooqi,0,1,0,0,0.00
5,Afghanistan vs Uganda,Uganda,9,Bilal Hassan ,lbw b Rashid Khan,8,16,1,0,50.00
5,Afghanistan vs Uganda,Uganda,10,Cosmas Kyewuta ,not out,2,2,0,0,100.00
5,Afghanistan vs Uganda,Uganda,11,Henry Ssenyondo ,b Rashid Khan,0,1,0,0,0.00
6,Scotland vs England,Scotland,1,George Munsey ,not out,41,31,4,2,132.25
6,Scotland vs England,Scotland,2,Michael Jones ,not out,45,30,4,2,150.00
7,Nepal vs Netherlands,Nepal,1,Kushal Bhurtel ,lbw b van Beek,7,10,1,0,70.00
7,Nepal vs Netherlands,Nepal,2,Aasif Sheikh †,c Kingma b Pringle,4,8,1,0,50.00
7,Nepal vs Netherlands,Nepal,3,Anil Sah ,c van Beek b Pringle,11,12,2,0,91.66
7,Nepal vs Netherlands,Nepal,4,Rohit Paudel (c),c O'Dowd b Pringle,35,37,5,0,94.59
7,Nepal vs Netherlands,Nepal,5,Kushal Malla ,c O'Dowd b van Meekeren,9,9,1,0,100.00
7,Nepal vs Netherlands,Nepal,6,Dipendra Singh Airee ,c van Beek b de Leede,1,6,0,0,16.66
7,Nepal vs Netherlands,Nepal,7,Sompal Kami ,b van Meekeren,0,5,0,0,0.00
7,Nepal vs Netherlands,Nepal,8,Gulsan Jha ,b van Beek,14,15,0,1,93.33
7,Nepal vs Netherlands,Nepal,9,Karan KC ,c Kingma b de Leede,17,12,0,2,141.66
7,Nepal vs Netherlands,Nepal,10,Sagar Dhakal ,not out,0,1,0,0,0.00
7,Nepal vs Netherlands,Nepal,11,Abinash Bohara ,c & b van Beek,0,1,0,0,0.00
7,Nepal vs Netherlands,Netherlands,1,Michael Levitt ,c Airee b Sompal Kami,1,3,0,0,33.33
7,Nepal vs Netherlands,Netherlands,2,Max O'Dowd ,not out,54,48,4,1,112.50
7,Nepal vs Netherlands,Netherlands,3,Vikramjit Singh ,lbw b Airee,22,28,4,0,78.57
7,Nepal vs Netherlands,Netherlands,4,Sybrand Engelbrecht ,run out (Sompal Kami),14,16,1,0,87.50
7,Nepal vs Netherlands,Netherlands,5,Scott Edwards (c)†,b Bohara,5,8,0,0,62.50
7,Nepal vs Netherlands,Netherlands,6,Bas de Leede ,not out,11,10,1,0,110.00
8,Ireland vs India,Ireland,1,Andy Balbirnie ,b Arshdeep Singh,5,10,1,0,50.00
8,Ireland vs India,Ireland,2,Paul Stirling (c),c †Pant b Arshdeep Singh,2,6,0,0,33.33
8,Ireland vs India,Ireland,3,Lorcan Tucker †,b Pandya,10,13,2,0,76.92
8,Ireland vs India,Ireland,4,Harry Tector ,c Kohli b Bumrah,4,16,0,0,25.00
8,Ireland vs India,Ireland,5,Curtis Campher ,c †Pant b Pandya,12,8,1,1,150.00
8,Ireland vs India,Ireland,6,George Dockrell ,c Bumrah b Mohammed Siraj,3,5,0,0,60.00
8,Ireland vs India,Ireland,7,Gareth Delany ,run out (Mohammed Siraj/†Pant),26,14,2,2,185.71
8,Ireland vs India,Ireland,8,Mark Adair ,c Dube b Pandya,3,2,0,0,150.00
8,Ireland vs India,Ireland,9,Barry McCarthy ,c & b Patel,0,6,0,0,0.00
8,Ireland vs India,Ireland,10,Josh Little ,b Bumrah,14,13,2,0,107.69
8,Ireland vs India,Ireland,11,Ben White ,not out,2,4,0,0,50.00
8,Ireland vs India,India,1,Rohit Sharma (c),retired hurt,52,37,4,3,140.54
8,Ireland vs India,India,2,Virat Kohli ,c White b Adair,1,5,0,0,20.00
8,Ireland vs India,India,3,Rishabh Pant †,not out,36,26,3,2,138.46
8,Ireland vs India,India,4,Suryakumar Yadav ,c Dockrell b White,2,4,0,0,50.00
8,Ireland vs India,India,5,Shivam Dube ,not out,0,2,0,0,0.00
9,P.N.G. vs Uganda,Papua New Guinea,1,Assad Vala (c),lbw b Ramjani,0,2,0,0,0.00
9,P.N.G. vs Uganda,Papua New Guinea,2,Tony Ura ,c Mukasa b Kyewuta,2,6,0,0,33.33
9,P.N.G. vs Uganda,Papua New Guinea,3,Sese Bau ,c Mukasa b Miyagi,5,9,1,0,55.55
9,P.N.G. vs Uganda,Papua New Guinea,4,Lega Siaka ,run out (Kyewuta/†Ssesazi),12,17,1,0,70.58
9,P.N.G. vs Uganda,Papua New Guinea,5,Hiri Hiri ,lbw b Nsubuga,15,19,2,0,78.94
9,P.N.G. vs Uganda,Papua New Guinea,6,Charles Amini ,b Nsubuga,5,14,0,0,35.71
9,P.N.G. vs Uganda,Papua New Guinea,7,Kiplin Doriga †,lbw b Ramjani,12,20,0,1,60.00
9,P.N.G. vs Uganda,Papua New Guinea,8,Chad Soper ,b Masaba,4,11,0,0,36.36
9,P.N.G. vs Uganda,Papua New Guinea,9,Norman Vanua ,c †Ssesazi b Kyewuta,5,10,0,0,50.00
9,P.N.G. vs Uganda,Papua New Guinea,10,Alei Nao ,b Miyagi,5,6,0,0,83.33
9,P.N.G. vs Uganda,Papua New Guinea,11,John Kariko ,not out,0,2,0,0,0.00
9,P.N.G. vs Uganda,Uganda,1,Roger Mukasa ,lbw b Nao,0,3,0,0,0.00
9,P.N.G. vs Uganda,Uganda,2,Simon Ssesazi †,lbw b Nao,1,3,0,0,33.33
9,P.N.G. vs Uganda,Uganda,3,Robinson Obuya ,c Vala b Vanua,1,2,0,0,50.00
9,P.N.G. vs Uganda,Uganda,4,Riazat Ali Shah ,c Kariko b Vanua,33,56,1,0,58.92
9,P.N.G. vs Uganda,Uganda,5,Alpesh Ramjani ,b Soper,8,10,1,0,80.00
9,P.N.G. vs Uganda,Uganda,6,Dinesh Nakrani ,c & b Vala,0,3,0,0,0.00
9,P.N.G. vs Uganda,Uganda,7,Juma Miyagi ,run out (Vanua/Nao),13,16,0,0,81.25
9,P.N.G. vs Uganda,Uganda,8,Kenneth Waiswa ,not out,7,16,0,0,43.75
9,P.N.G. vs Uganda,Uganda,9,Brian Masaba (c),not out,0,1,0,0,0.00
10,Australia vs Oman,Australia,1,David Warner ,c Shoaib Khan b Kaleemullah,56,51,6,1,109.80
10,Australia vs Oman,Australia,2,Travis Head ,c Khalid Kail b Bilal Khan,12,10,2,0,120.00
10,Australia vs Oman,Australia,3,Mitchell Marsh (c),c Shoaib Khan b Mehran Khan,14,21,2,0,66.66
10,Australia vs Oman,Australia,4,Glenn Maxwell ,c Aqib Ilyas b Mehran Khan,0,1,0,0,0.00
10,Australia vs Oman,Australia,5,Marcus Stoinis ,not out,67,36,2,6,186.11
10,Australia vs Oman,Australia,6,Tim David ,run out (Ayaan Khan/†Athavale),9,4,2,0,225.00
10,Australia vs Oman,Oman,1,Kashyap Prajapati ,lbw b Ellis,7,16,1,0,43.75
10,Australia vs Oman,Oman,2,Pratik Athavale †,lbw b Starc,0,1,0,0,0.00
10,Australia vs Oman,Oman,3,Aqib Ilyas (c),c †Wade b Stoinis,18,18,2,1,100.00
10,Australia vs Oman,Oman,4,Zeeshan Maqsood ,c †Wade b Stoinis,1,7,0,0,14.28
10,Australia vs Oman,Oman,5,Khalid Kail ,c Maxwell b Starc,8,12,1,0,66.66
10,Australia vs Oman,Oman,6,Ayaan Khan ,c Hazlewood b Zampa,36,30,2,2,120.00
10,Australia vs Oman,Oman,7,Shoaib Khan ,b Zampa,0,4,0,0,0.00
10,Australia vs Oman,Oman,8,Mehran Khan ,c David b Stoinis,27,16,1,2,168.75
10,Australia vs Oman,Oman,9,Shakeel Ahmed ,c Warner b Ellis,11,10,1,0,110.00
10,Australia vs Oman,Oman,10,Kaleemullah ,not out,6,4,0,0,150.00
10,Australia vs Oman,Oman,11,Bilal Khan ,not out,1,2,0,0,50.00
11,U.S.A. vs Pakistan,Pakistan,1,Mohammad Rizwan ,c Taylor b Netravalkar,9,8,0,1,112.50
11,U.S.A. vs Pakistan,Pakistan,2,Babar Azam (c),lbw b Jasdeep Singh,44,43,3,2,102.32
11,U.S.A. vs Pakistan,Pakistan,3,Usman Khan ,c Kumar b Kenjige,3,3,0,0,100.00
11,U.S.A. vs Pakistan,Pakistan,4,Fakhar Zaman ,c Taylor b Ali Khan,11,7,0,1,157.14
11,U.S.A. vs Pakistan,Pakistan,5,Shadab Khan ,c Netravalkar b Kenjige,40,25,1,3,160.00
11,U.S.A. vs Pakistan,Pakistan,6,Azam Khan †,lbw b Kenjige,0,1,0,0,0.00
11,U.S.A. vs Pakistan,Pakistan,7,Iftikhar Ahmed ,lbw b Netravalkar,18,14,3,0,128.57
11,U.S.A. vs Pakistan,Pakistan,8,Shaheen Shah Afridi ,not out,23,16,1,2,143.75
11,U.S.A. vs Pakistan,Pakistan,9,Haris Rauf ,not out,3,3,0,0,100.00
11,U.S.A. vs Pakistan,United States Of America,1,Steven Taylor ,c Mohammad Rizwan b Naseem Shah,12,16,1,0,75.00
11,U.S.A. vs Pakistan,United States Of America,2,Monank Patel (c)†,c Mohammad Rizwan b Mohammad Amir,50,38,7,1,131.57
11,U.S.A. vs Pakistan,United States Of America,3,Andries Gous ,b Haris Rauf,35,26,5,1,134.61
11,U.S.A. vs Pakistan,United States Of America,4,Aaron Jones ,not out,36,26,2,2,138.46
11,U.S.A. vs Pakistan,United States Of America,5,Nitish Kumar ,not out,14,14,1,0,100.00
12,Namibia vs Scotland,Namibia,1,JP Kotze ,c McMullen b Wheal,0,3,0,0,0.00
12,Namibia vs Scotland,Namibia,2,Nikolaas Davin ,c Currie b Sole,20,12,4,0,166.66
12,Namibia vs Scotland,Namibia,3,Jan Frylinck ,b Currie,12,14,2,0,85.71
12,Namibia vs Scotland,Namibia,4,Gerhard Erasmus (c),st †Cross b Leask,52,31,5,2,167.74
12,Namibia vs Scotland,Namibia,5,Malan Kruger ,c Jones b Greaves,2,8,0,0,25.00
12,Namibia vs Scotland,Namibia,6,Zane Green †,c Jones b Wheal,28,27,1,1,103.70
12,Namibia vs Scotland,Namibia,7,David Wiese ,c Watt b Wheal,14,13,0,1,107.69
12,Namibia vs Scotland,Namibia,8,Ruben Trumpelmann ,c Wheal b Currie,1,2,0,0,50.00
12,Namibia vs Scotland,Namibia,9,JJ Smit ,run out (Jones/Wheal),11,8,0,1,137.50
12,Namibia vs Scotland,Namibia,10,Bernard Scholtz ,not out,6,4,0,0,150.00
12,Namibia vs Scotland,Namibia,11,Tangeni Lungameni ,not out,0,0,0,0,-
12,Namibia vs Scotland,Scotland,1,George Munsey ,c Wiese b Lungameni,7,15,0,0,46.66
12,Namibia vs Scotland,Scotland,2,Michael Jones ,c †Green b Erasmus,26,20,3,1,130.00
12,Namibia vs Scotland,Scotland,3,Brandon McMullen ,st †Green b Erasmus,19,17,2,0,111.76
12,Namibia vs Scotland,Scotland,4,Richie Berrington (c),not out,47,35,2,2,134.28
12,Namibia vs Scotland,Scotland,5,Matthew Cross †,lbw b Scholtz,3,5,0,0,60.00
12,Namibia vs Scotland,Scotland,6,Michael Leask ,c Wiese b Trumpelmann,35,17,0,4,205.88
12,Namibia vs Scotland,Scotland,7,Chris Greaves ,not out,4,3,0,0,133.33
13,Canada vs Ireland,Canada,1,Aaron Johnson ,c Campher b Young,14,13,3,0,107.69
13,Canada vs Ireland,Canada,2,Navneet Dhaliwal ,c Dockrell b Adair,6,10,1,0,60.00
13,Canada vs Ireland,Canada,3,Pargat Singh ,c Little b Young,18,14,2,0,128.57
13,Canada vs Ireland,Canada,4,Dilpreet Bajwa ,c & b Delany,7,9,1,0,77.77
13,Canada vs Ireland,Canada,5,Nicholas Kirton ,c Balbirnie b McCarthy,49,35,3,2,140.00
13,Canada vs Ireland,Canada,6,Shreyas Movva †,run out (McCarthy/†Tucker),37,36,3,0,102.77
13,Canada vs Ireland,Canada,7,Dilon Heyliger ,c Little b McCarthy,0,2,0,0,0.00
13,Canada vs Ireland,Canada,8,Saad Bin Zafar (c),not out,1,1,0,0,100.00
13,Canada vs Ireland,Ireland,1,Andy Balbirnie ,c & b Junaid Siddiqui,17,19,1,0,89.47
13,Canada vs Ireland,Ireland,2,Paul Stirling (c),c †Movva b Gordon,9,17,1,0,52.94
13,Canada vs Ireland,Ireland,3,Lorcan Tucker †,run out (Kirton/Saad Bin Zafar),10,15,0,0,66.66
13,Canada vs Ireland,Ireland,4,Harry Tector ,b Saad Bin Zafar,7,5,0,0,140.00
13,Canada vs Ireland,Ireland,5,Curtis Campher ,c Johnson b Heyliger,4,7,0,0,57.14
13,Canada vs Ireland,Ireland,6,George Dockrell ,not out,30,23,2,1,130.43
13,Canada vs Ireland,Ireland,7,Gareth Delany ,c †Movva b Heyliger,3,7,0,0,42.85
13,Canada vs Ireland,Ireland,8,Mark Adair ,c & b Gordon,34,24,3,1,141.66
13,Canada vs Ireland,Ireland,9,Barry McCarthy ,not out,2,3,0,0,66.66
14,Afghanistan vs New Zealand,Afghanistan,1,Rahmanullah Gurbaz †,b Boult,80,56,5,5,142.85
14,Afghanistan vs New Zealand,Afghanistan,2,Ibrahim Zadran ,b Henry,44,41,3,2,107.31
14,Afghanistan vs New Zealand,Afghanistan,3,Azmatullah Omarzai ,c Ferguson b Henry,22,13,1,2,169.23
14,Afghanistan vs New Zealand,Afghanistan,4,Mohammad Nabi ,c Williamson b Ferguson,0,1,0,0,0.00
14,Afghanistan vs New Zealand,Afghanistan,5,Rashid Khan (c),run out (†Conway/Boult),6,5,1,0,120.00
14,Afghanistan vs New Zealand,Afghanistan,6,Karim Janat ,not out,1,1,0,0,100.00
14,Afghanistan vs New Zealand,Afghanistan,7,Gulbadin Naib ,c Phillips b Boult,0,2,0,0,0.00
14,Afghanistan vs New Zealand,Afghanistan,8,Najibullah Zadran ,not out,1,1,0,0,100.00
14,Afghanistan vs New Zealand,New Zealand,1,Finn Allen ,b Fazalhaq Farooqi,0,1,0,0,0.00
14,Afghanistan vs New Zealand,New Zealand,2,Devon Conway †,c Ibrahim Zadran b Fazalhaq Farooqi,8,10,1,0,80.00
14,Afghanistan vs New Zealand,New Zealand,3,Kane Williamson (c),c Gulbadin Naib b Rashid Khan,9,13,1,0,69.23
14,Afghanistan vs New Zealand,New Zealand,4,Daryl Mitchell ,c †Rahmanullah Gurbaz b Fazalhaq Farooqi,5,5,1,0,100.00
14,Afghanistan vs New Zealand,New Zealand,5,Glenn Phillips ,c Rashid Khan b Mohammad Nabi,18,18,2,0,100.00
14,Afghanistan vs New Zealand,New Zealand,6,Mark Chapman ,b Rashid Khan,4,7,0,0,57.14
14,Afghanistan vs New Zealand,New Zealand,7,Michael Bracewell ,lbw b Rashid Khan,0,1,0,0,0.00
14,Afghanistan vs New Zealand,New Zealand,8,Mitchell Santner ,b Mohammad Nabi,4,8,0,0,50.00
14,Afghanistan vs New Zealand,New Zealand,9,Matt Henry ,c Karim Janat b Fazalhaq Farooqi,12,17,0,1,70.58
14,Afghanistan vs New Zealand,New Zealand,10,Lockie Ferguson ,c & b Rashid Khan,2,5,0,0,40.00
14,Afghanistan vs New Zealand,New Zealand,11,Trent Boult ,not out,3,7,0,0,42.85
15,Sri Lanka vs Bangladesh,Sri Lanka,1,Pathum Nissanka ,c Najmul Hossain Shanto b Mustafizur Rahman,47,28,7,1,167.85
15,Sri Lanka vs Bangladesh,Sri Lanka,2,Kusal Mendis †,b Taskin Ahmed,10,8,2,0,125.00
15,Sri Lanka vs Bangladesh,Sri Lanka,3,Kamindu Mendis ,c Tanzim Hasan Sakib b Mustafizur Rahman,4,5,1,0,80.00
15,Sri Lanka vs Bangladesh,Sri Lanka,4,Dhananjaya de Silva ,st †Litton Das b Rishad Hossain,21,26,1,0,80.76
15,Sri Lanka vs Bangladesh,Sri Lanka,5,Charith Asalanka ,c Shakib Al Hasan b Rishad Hossain,19,21,0,1,90.47
15,Sri Lanka vs Bangladesh,Sri Lanka,6,Wanindu Hasaranga (c),c Soumya Sarkar b Rishad Hossain,0,1,0,0,0.00
15,Sri Lanka vs Bangladesh,Sri Lanka,7,Angelo Mathews ,c Mustafizur Rahman b Tanzim Hasan Sakib,16,19,1,0,84.21
15,Sri Lanka vs Bangladesh,Sri Lanka,8,Dasun Shanaka ,c †Litton Das b Taskin Ahmed,3,7,0,0,42.85
15,Sri Lanka vs Bangladesh,Sri Lanka,9,Maheesh Theekshana ,c Tanzim Hasan Sakib b Mustafizur Rahman,0,3,0,0,0.00
15,Sri Lanka vs Bangladesh,Sri Lanka,10,Matheesha Pathirana ,not out,0,1,0,0,0.00
15,Sri Lanka vs Bangladesh,Sri Lanka,11,Nuwan Thushara ,not out,0,1,0,0,0.00
15,Sri Lanka vs Bangladesh,Bangladesh,1,Tanzid Hasan ,b Thushara,3,6,0,0,50.00
15,Sri Lanka vs Bangladesh,Bangladesh,2,Soumya Sarkar ,c Hasaranga b de Silva,0,2,0,0,0.00
15,Sri Lanka vs Bangladesh,Bangladesh,3,Litton Das †,lbw b Hasaranga,36,38,2,1,94.73
15,Sri Lanka vs Bangladesh,Bangladesh,4,Najmul Hossain Shanto (c),c Asalanka b Thushara,7,13,0,0,53.84
15,Sri Lanka vs Bangladesh,Bangladesh,5,Towhid Hridoy ,lbw b Hasaranga,40,20,1,4,200.00
15,Sri Lanka vs Bangladesh,Bangladesh,6,Shakib Al Hasan ,c Theekshana b Pathirana,8,14,0,0,57.14
15,Sri Lanka vs Bangladesh,Bangladesh,7,Mahmudullah ,not out,16,13,0,1,123.07
15,Sri Lanka vs Bangladesh,Bangladesh,8,Rishad Hossain ,b Thushara,1,3,0,0,33.33
15,Sri Lanka vs Bangladesh,Bangladesh,9,Taskin Ahmed ,lbw b Thushara,0,1,0,0,0.00
15,Sri Lanka vs Bangladesh,Bangladesh,10,Tanzim Hasan Sakib ,not out,1,4,0,0,25.00
16,Netherlands vs South Africa,Netherlands,1,Michael Levitt ,c †de Kock b Jansen,0,3,0,0,0.00
16,Netherlands vs South Africa,Netherlands,2,Max O'Dowd ,c Jansen b Baartman,2,6,0,0,33.33
16,Netherlands vs South Africa,Netherlands,3,Vikramjit Singh ,b Jansen,12,17,1,0,70.58
16,Netherlands vs South Africa,Netherlands,4,Sybrand Engelbrecht ,c Jansen b Baartman,40,45,2,1,88.88
16,Netherlands vs South Africa,Netherlands,5,Bas de Leede ,c Miller b Nortje,6,16,0,0,37.50
16,Netherlands vs South Africa,Netherlands,6,Scott Edwards (c)†,run out (Markram),10,9,0,1,111.11
16,Netherlands vs South Africa,Netherlands,7,Teja Nidamanuru ,c Klaasen b Nortje,0,1,0,0,0.00
16,Netherlands vs South Africa,Netherlands,8,Logan van Beek ,c Nortje b Baartman,23,22,3,0,104.54
16,Netherlands vs South Africa,Netherlands,9,Tim Pringle ,c Markram b Baartman,0,2,0,0,0.00
16,Netherlands vs South Africa,Netherlands,10,Paul van Meekeren ,not out,1,1,0,0,100.00
16,Netherlands vs South Africa,South Africa,1,Reeza Hendricks ,b van Beek,3,10,0,0,30.00
16,Netherlands vs South Africa,South Africa,2,Quinton de Kock †,run out (van Meekeren/O'Dowd),0,0,0,0,-
16,Netherlands vs South Africa,South Africa,3,Aiden Markram (c),c †Edwards b Kingma,0,3,0,0,0.00
16,Netherlands vs South Africa,South Africa,4,Tristan Stubbs ,c van Beek b de Leede,33,37,1,1,89.18
16,Netherlands vs South Africa,South Africa,5,Heinrich Klaasen ,c Pringle b Kingma,4,7,0,0,57.14
16,Netherlands vs South Africa,South Africa,6,David Miller ,not out,59,51,3,4,115.68
16,Netherlands vs South Africa,South Africa,7,Marco Jansen ,b van Beek,3,5,0,0,60.00
16,Netherlands vs South Africa,South Africa,8,Keshav Maharaj ,not out,0,1,0,0,0.00
17,Australia vs England,Australia,1,Travis Head ,b Archer,34,18,2,3,188.88
17,Australia vs England,Australia,2,David Warner ,b Ali,39,16,2,4,243.75
17,Australia vs England,Australia,3,Mitchell Marsh (c),st †Buttler b Livingstone,35,25,2,2,140.00
17,Australia vs England,Australia,4,Glenn Maxwell ,c Salt b Rashid,28,25,3,1,112.00
17,Australia vs England,Australia,5,Marcus Stoinis ,c Brook b Jordan,30,17,2,2,176.47
17,Australia vs England,Australia,6,Tim David ,c Livingstone b Jordan,11,8,0,1,137.50
17,Australia vs England,Australia,7,Matthew Wade †,not out,17,10,3,0,170.00
17,Australia vs England,Australia,8,Pat Cummins ,run out (†Buttler/Jordan),0,1,0,0,0.00
17,Australia vs England,Australia,9,Mitchell Starc ,not out,0,0,0,0,-
17,Australia vs England,England,1,Phil Salt ,b Zampa,37,23,4,2,160.86
17,Australia vs England,England,2,Jos Buttler (c)†,c Cummins b Zampa,42,28,5,2,150.00
17,Australia vs England,England,3,Will Jacks ,c Starc b Stoinis,10,10,1,0,100.00
17,Australia vs England,England,4,Jonny Bairstow ,c Maxwell b Hazlewood,7,13,0,0,53.84
17,Australia vs England,England,5,Moeen Ali ,c Warner b Cummins,25,15,0,3,166.66
17,Australia vs England,England,6,Harry Brook ,not out,20,16,2,0,125.00
17,Australia vs England,England,7,Liam Livingstone ,c Starc b Cummins,15,12,0,1,125.00
17,Australia vs England,England,8,Chris Jordan ,not out,1,3,0,0,33.33
18,West Indies vs Uganda,West Indies,1,Brandon King ,b Ramjani,13,8,2,0,162.50
18,West Indies vs Uganda,West Indies,2,Johnson Charles ,c Ramjani b Nakrani,44,42,4,2,104.76
18,West Indies vs Uganda,West Indies,3,Nicholas Pooran †,c & b Masaba,22,17,0,3,129.41
18,West Indies vs Uganda,West Indies,4,Rovman Powell (c),c Obuya b Masaba,23,18,1,1,127.77
18,West Indies vs Uganda,West Indies,5,Sherfane Rutherford ,b Kyewuta,22,16,2,1,137.50
18,West Indies vs Uganda,West Indies,6,Andre Russell ,not out,30,17,6,0,176.47
18,West Indies vs Uganda,West Indies,7,Romario Shepherd ,not out,5,5,0,0,100.00
18,West Indies vs Uganda,Uganda,1,Roger Mukasa ,lbw b Hosein,0,2,0,0,0.00
18,West Indies vs Uganda,Uganda,2,Simon Ssesazi †,c Joseph b Shepherd,4,3,1,0,133.33
18,West Indies vs Uganda,Uganda,3,Robinson Obuya ,b Russell,6,8,1,0,75.00
18,West Indies vs Uganda,Uganda,4,Alpesh Ramjani ,lbw b Hosein,5,6,1,0,83.33
18,West Indies vs Uganda,Uganda,5,Kenneth Waiswa ,lbw b Hosein,1,10,0,0,10.00
18,West Indies vs Uganda,Uganda,6,Riazat Ali Shah ,b Hosein,3,8,0,0,37.50
18,West Indies vs Uganda,Uganda,7,Dinesh Nakrani ,b Hosein,0,2,0,0,0.00
18,West Indies vs Uganda,Uganda,8,Brian Masaba (c),c †Pooran b Joseph,1,4,0,0,25.00
18,West Indies vs Uganda,Uganda,9,Juma Miyagi ,not out,13,20,0,0,65.00
18,West Indies vs Uganda,Uganda,10,Cosmas Kyewuta ,lbw b Motie,1,6,0,0,16.66
18,West Indies vs Uganda,Uganda,11,Frank Nsubuga ,b Joseph,0,3,0,0,0.00
19,India vs Pakistan,India,1,Rohit Sharma (c),c Haris Rauf b Shaheen Shah Afridi,13,12,1,1,108.33
19,India vs Pakistan,India,2,Virat Kohli ,c Usman Khan b Naseem Shah,4,3,1,0,133.33
19,India vs Pakistan,India,3,Rishabh Pant †,c Babar Azam b Mohammad Amir,42,31,6,0,135.48
19,India vs Pakistan,India,4,Axar Patel ,b Naseem Shah,20,18,2,1,111.11
19,India vs Pakistan,India,5,Suryakumar Yadav ,c Mohammad Amir b Haris Rauf,7,8,1,0,87.50
19,India vs Pakistan,India,6,Shivam Dube ,c & b Naseem Shah,3,9,0,0,33.33
19,India vs Pakistan,India,7,Hardik Pandya ,c Iftikhar Ahmed b Haris Rauf,7,12,1,0,58.33
19,India vs Pakistan,India,8,Ravindra Jadeja ,c Imad Wasim b Mohammad Amir,0,1,0,0,0.00
19,India vs Pakistan,India,9,Arshdeep Singh ,run out (Babar Azam/†Mohammad Rizwan),9,13,1,0,69.23
19,India vs Pakistan,India,10,Jasprit Bumrah ,c Imad Wasim b Haris Rauf,0,1,0,0,0.00
19,India vs Pakistan,India,11,Mohammed Siraj ,not out,7,7,0,0,100.00
19,India vs Pakistan,Pakistan,1,Mohammad Rizwan †,b Bumrah,31,44,1,1,70.45
19,India vs Pakistan,Pakistan,2,Babar Azam (c),c Yadav b Bumrah,13,10,2,0,130.00
19,India vs Pakistan,Pakistan,3,Usman Khan ,lbw b Patel,13,15,1,0,86.66
19,India vs Pakistan,Pakistan,4,Fakhar Zaman ,c †Pant b Pandya,13,8,1,1,162.50
19,India vs Pakistan,Pakistan,5,Imad Wasim ,c †Pant b Arshdeep Singh,15,23,1,0,65.21
19,India vs Pakistan,Pakistan,6,Shadab Khan ,c †Pant b Pandya,4,7,0,0,57.14
19,India vs Pakistan,Pakistan,7,Iftikhar Ahmed ,c Arshdeep Singh b Bumrah,5,9,0,0,55.55
19,India vs Pakistan,Pakistan,8,Shaheen Shah Afridi ,not out,0,1,0,0,0.00
19,India vs Pakistan,Pakistan,9,Naseem Shah ,not out,10,4,2,0,250.00
20,Oman vs Scotland,Oman,1,Pratik Athavale †,c McMullen b Greaves,54,40,5,2,135.00
20,Oman vs Scotland,Oman,2,Naseem Khushi ,c Watt b Sole,10,9,0,1,111.11
20,Oman vs Scotland,Oman,3,Aqib Ilyas (c),lbw b Sharif,16,6,2,1,266.66
20,Oman vs Scotland,Oman,4,Zeeshan Maqsood ,c †Cross b Watt,3,4,0,0,75.00
20,Oman vs Scotland,Oman,5,Khalid Kail ,run out (Sole/Watt),5,7,0,0,71.42
20,Oman vs Scotland,Oman,6,Ayaan Khan ,not out,41,39,4,0,105.12
20,Oman vs Scotland,Oman,7,Mehran Khan ,c †Cross b Sharif,13,10,2,0,130.00
20,Oman vs Scotland,Oman,8,Rafiullah ,c Sharif b Wheal,0,3,0,0,0.00
20,Oman vs Scotland,Oman,9,Shakeel Ahmed ,not out,3,2,0,0,150.00
20,Oman vs Scotland,Scotland,1,George Munsey ,c Shakeel Ahmed b Mehran Khan,41,20,2,4,205.00
20,Oman vs Scotland,Scotland,2,Michael Jones ,c Mehran Khan b Bilal Khan,16,13,1,2,123.07
20,Oman vs Scotland,Scotland,3,Brandon McMullen ,not out,61,31,9,2,196.77
20,Oman vs Scotland,Scotland,4,Richie Berrington (c),b Aqib Ilyas,13,7,1,1,185.71
20,Oman vs Scotland,Scotland,5,Matthew Cross †,not out,15,8,0,2,187.50
21,South Africa vs Bangladesh,South Africa,1,Quinton de Kock †,b Tanzim Hasan Sakib,18,11,1,2,163.63
21,South Africa vs Bangladesh,South Africa,2,Reeza Hendricks ,lbw b Tanzim Hasan Sakib,0,1,0,0,0.00
21,South Africa vs Bangladesh,South Africa,3,Aiden Markram (c),b Taskin Ahmed,4,8,1,0,50.00
21,South Africa vs Bangladesh,South Africa,4,Tristan Stubbs ,c Shakib Al Hasan b Tanzim Hasan Sakib,0,5,0,0,0.00
21,South Africa vs Bangladesh,South Africa,5,Heinrich Klaasen ,b Taskin Ahmed,46,44,2,3,104.54
21,South Africa vs Bangladesh,South Africa,6,David Miller ,b Rishad Hossain,29,38,1,1,76.31
21,South Africa vs Bangladesh,South Africa,7,Marco Jansen ,not out,5,5,0,0,100.00
21,South Africa vs Bangladesh,South Africa,8,Keshav Maharaj ,not out,4,8,0,0,50.00
21,South Africa vs Bangladesh,Bangladesh,1,Tanzid Hasan ,c †de Kock b Rabada,9,9,2,0,100.00
21,South Africa vs Bangladesh,Bangladesh,2,Najmul Hossain Shanto (c),c Markram b Nortje,14,23,0,1,60.86
21,South Africa vs Bangladesh,Bangladesh,3,Litton Das †,c Miller b Maharaj,9,13,1,0,69.23
21,South Africa vs Bangladesh,Bangladesh,4,Shakib Al Hasan ,c Markram b Nortje,3,4,0,0,75.00
21,South Africa vs Bangladesh,Bangladesh,5,Towhid Hridoy ,lbw b Rabada,37,34,2,2,108.82
21,South Africa vs Bangladesh,Bangladesh,6,Mahmudullah ,c Markram b Maharaj,20,27,2,0,74.07
21,South Africa vs Bangladesh,Bangladesh,7,Jaker Ali ,c Markram b Maharaj,8,9,0,0,88.88
21,South Africa vs Bangladesh,Bangladesh,8,Rishad Hossain ,not out,0,1,0,0,0.00
21,South Africa vs Bangladesh,Bangladesh,9,Taskin Ahmed ,not out,1,1,0,0,100.00
22,Canada vs Pakistan,Canada,1,Aaron Johnson ,b Naseem Shah,52,44,4,4,118.18
22,Canada vs Pakistan,Canada,2,Navneet Dhaliwal ,b Mohammad Amir,4,7,1,0,57.14
22,Canada vs Pakistan,Canada,3,Pargat Singh ,c Fakhar Zaman b Shaheen Shah Afridi,2,6,0,0,33.33
22,Canada vs Pakistan,Canada,4,Nicholas Kirton ,run out (Imad Wasim),1,6,0,0,16.66
22,Canada vs Pakistan,Canada,5,Shreyas Movva †,c †Mohammad Rizwan b Haris Rauf,2,9,0,0,22.22
22,Canada vs Pakistan,Canada,6,Ravinderpal Singh ,c Fakhar Zaman b Haris Rauf,0,2,0,0,0.00
22,Canada vs Pakistan,Canada,7,Saad Bin Zafar (c),c †Mohammad Rizwan b Mohammad Amir,10,21,1,0,47.61
22,Canada vs Pakistan,Canada,8,Kaleem Sana ,not out,13,14,0,1,92.85
22,Canada vs Pakistan,Canada,9,Dilon Heyliger ,not out,9,11,1,0,81.81
22,Canada vs Pakistan,Pakistan,1,Mohammad Rizwan †,not out,53,53,2,1,100.00
22,Canada vs Pakistan,Pakistan,2,Saim Ayub ,c †Movva b Heyliger,6,12,0,0,50.00
22,Canada vs Pakistan,Pakistan,3,Babar Azam (c),c †Movva b Heyliger,33,33,1,1,100.00
22,Canada vs Pakistan,Pakistan,4,Fakhar Zaman ,c sub (DS Bajwa) b Gordon,4,6,0,0,66.66
22,Canada vs Pakistan,Pakistan,5,Usman Khan ,not out,2,1,0,0,200.00
24,Namibia vs Australia,Namibia,1,Michael van Lingen ,c Maxwell b Hazlewood,10,10,2,0,100.00
24,Namibia vs Australia,Namibia,2,Nikolaas Davin ,c Maxwell b Hazlewood,2,7,0,0,28.57
24,Namibia vs Australia,Namibia,3,Jan Frylinck ,c Marsh b Cummins,1,6,0,0,16.66
24,Namibia vs Australia,Namibia,4,Gerhard Erasmus (c),c Maxwell b Stoinis,36,43,4,1,83.72
24,Namibia vs Australia,Namibia,5,JJ Smit ,lbw b Ellis,3,9,0,0,33.33
24,Namibia vs Australia,Namibia,6,Zane Green †,lbw b Zampa,1,4,0,0,25.00
24,Namibia vs Australia,Namibia,7,David Wiese ,c Hazlewood b Zampa,1,7,0,0,14.28
24,Namibia vs Australia,Namibia,8,Ruben Trumpelmann ,c Maxwell b Zampa,7,7,0,1,100.00
24,Namibia vs Australia,Namibia,9,Bernard Scholtz ,b Zampa,0,2,0,0,0.00
24,Namibia vs Australia,Namibia,10,Jack Brassell ,not out,2,3,0,0,66.66
24,Namibia vs Australia,Namibia,11,Ben Shikongo ,c David b Stoinis,0,4,0,0,0.00
24,Namibia vs Australia,Australia,1,David Warner ,c Trumpelmann b Wiese,20,8,3,1,250.00
24,Namibia vs Australia,Australia,2,Travis Head ,not out,34,17,5,2,200.00
24,Namibia vs Australia,Australia,3,Mitchell Marsh (c),not out,18,9,3,1,200.00
25,U.S.A. vs India,United States Of America,1,Shayan Jahangir ,lbw b Arshdeep Singh,0,1,0,0,0.00
25,U.S.A. vs India,United States Of America,2,Steven Taylor ,b Patel,24,30,0,2,80.00
25,U.S.A. vs India,United States Of America,3,Andries Gous †,c Pandya b Arshdeep Singh,2,5,0,0,40.00
25,U.S.A. vs India,United States Of America,4,Aaron Jones (c),c Mohammed Siraj b Pandya,11,22,0,1,50.00
25,U.S.A. vs India,United States Of America,5,Nitish Kumar ,c Mohammed Siraj b Arshdeep Singh,27,23,2,1,117.39
25,U.S.A. vs India,United States Of America,6,Corey Anderson ,c †Pant b Pandya,15,12,1,1,125.00
25,U.S.A. vs India,United States Of America,7,Harmeet Singh ,c †Pant b Arshdeep Singh,10,10,0,1,100.00
25,U.S.A. vs India,United States Of America,8,Shadley van Schalkwyk ,not out,11,10,1,0,110.00
25,U.S.A. vs India,United States Of America,9,Jasdeep Singh ,run out (†Pant/Mohammed Siraj),2,7,0,0,28.57
25,U.S.A. vs India,India,1,Rohit Sharma (c),c Harmeet Singh b Netravalkar,3,6,0,0,50.00
25,U.S.A. vs India,India,2,Virat Kohli ,c †Gous b Netravalkar,0,1,0,0,0.00
25,U.S.A. vs India,India,3,Rishabh Pant †,b Ali Khan,18,20,1,1,90.00
25,U.S.A. vs India,India,4,Suryakumar Yadav ,not out,50,49,2,2,102.04
25,U.S.A. vs India,India,5,Shivam Dube ,not out,31,35,1,1,88.57
26,West Indies vs New Zealand,West Indies,1,Brandon King ,c †Conway b Neesham,9,12,0,1,75.00
26,West Indies vs New Zealand,West Indies,2,Johnson Charles ,b Boult,0,5,0,0,0.00
26,West Indies vs New Zealand,West Indies,3,Nicholas Pooran †,c †Conway b Southee,17,12,3,0,141.66
26,West Indies vs New Zealand,West Indies,4,Roston Chase ,c Ravindra b Ferguson,0,3,0,0,0.00
26,West Indies vs New Zealand,West Indies,5,Rovman Powell (c),c †Conway b Southee,1,5,0,0,20.00
26,West Indies vs New Zealand,West Indies,6,Sherfane Rutherford ,not out,68,39,2,6,174.35
26,West Indies vs New Zealand,West Indies,7,Akeal Hosein ,c Neesham b Santner,15,17,0,1,88.23
26,West Indies vs New Zealand,West Indies,8,Andre Russell ,c Ferguson b Boult,14,7,2,1,200.00
26,West Indies vs New Zealand,West Indies,9,Romario Shepherd ,lbw b Ferguson,13,13,0,1,100.00
26,West Indies vs New Zealand,West Indies,10,Alzarri Joseph ,b Boult,6,6,1,0,100.00
26,West Indies vs New Zealand,West Indies,11,Gudakesh Motie ,not out,0,1,0,0,0.00
26,West Indies vs New Zealand,New Zealand,1,Devon Conway †,c Chase b Hosein,5,8,0,0,62.50
26,West Indies vs New Zealand,New Zealand,2,Finn Allen ,c Russell b Joseph,26,23,3,1,113.04
26,West Indies vs New Zealand,New Zealand,3,Rachin Ravindra ,c Russell b Motie,10,13,0,0,76.92
26,West Indies vs New Zealand,New Zealand,4,Kane Williamson (c),c †Pooran b Motie,1,2,0,0,50.00
26,West Indies vs New Zealand,New Zealand,5,Daryl Mitchell ,b Motie,12,13,1,0,92.30
26,West Indies vs New Zealand,New Zealand,6,Glenn Phillips ,c Powell b Joseph,40,33,3,2,121.21
26,West Indies vs New Zealand,New Zealand,7,James Neesham ,c King b Joseph,10,11,0,1,90.90
26,West Indies vs New Zealand,New Zealand,8,Mitchell Santner ,not out,21,12,0,3,175.00
26,West Indies vs New Zealand,New Zealand,9,Tim Southee ,c & b Joseph,0,1,0,0,0.00
26,West Indies vs New Zealand,New Zealand,10,Trent Boult ,c Chase b Russell,7,4,0,1,175.00
26,West Indies vs New Zealand,New Zealand,11,Lockie Ferguson ,not out,0,0,0,0,-
27,Bangladesh vs Netherlands,Bangladesh,1,Tanzid Hasan ,c de Leede b van Meekeren,35,26,5,1,134.61
27,Bangladesh vs Netherlands,Bangladesh,2,Najmul Hossain Shanto (c),c Vikramjit Singh b Dutt,1,3,0,0,33.33
27,Bangladesh vs Netherlands,Bangladesh,3,Litton Das †,c Engelbrecht b Dutt,1,2,0,0,50.00
27,Bangladesh vs Netherlands,Bangladesh,4,Shakib Al Hasan ,not out,64,46,9,0,139.13
27,Bangladesh vs Netherlands,Bangladesh,5,Towhid Hridoy ,b Pringle,9,15,0,0,60.00
27,Bangladesh vs Netherlands,Bangladesh,6,Mahmudullah ,c Engelbrecht b van Meekeren,25,21,2,2,119.04
27,Bangladesh vs Netherlands,Bangladesh,7,Jaker Ali ,not out,14,7,3,0,200.00
27,Bangladesh vs Netherlands,Netherlands,1,Michael Levitt ,c Towhid Hridoy b Taskin Ahmed,18,16,2,1,112.50
27,Bangladesh vs Netherlands,Netherlands,2,Max O'Dowd ,c & b Tanzim Hasan Sakib,12,16,3,0,75.00
27,Bangladesh vs Netherlands,Netherlands,3,Vikramjit Singh ,st †Litton Das b Mahmudullah,26,16,0,3,162.50
27,Bangladesh vs Netherlands,Netherlands,4,Sybrand Engelbrecht ,c Tanzim Hasan Sakib b Rishad Hossain,33,22,3,1,150.00
27,Bangladesh vs Netherlands,Netherlands,5,Scott Edwards (c)†,c Jaker Ali b Mustafizur Rahman,25,23,3,0,108.69
27,Bangladesh vs Netherlands,Netherlands,6,Bas de Leede ,st †Litton Das b Rishad Hossain,0,2,0,0,0.00
27,Bangladesh vs Netherlands,Netherlands,7,Logan van Beek ,c & b Rishad Hossain,2,3,0,0,66.66
27,Bangladesh vs Netherlands,Netherlands,8,Tim Pringle ,b Taskin Ahmed,1,10,0,0,10.00
27,Bangladesh vs Netherlands,Netherlands,9,Aryan Dutt ,not out,15,12,1,1,125.00
28,Oman vs England,Oman,1,Pratik Athavale †,c Salt b Archer,5,3,1,0,166.66
28,Oman vs England,Oman,2,Kashyap Prajapati ,c Livingstone b Wood,9,16,0,1,56.25
28,Oman vs England,Oman,3,Aqib Ilyas (c),c Jacks b Archer,8,10,1,0,80.00
28,Oman vs England,Oman,4,Zeeshan Maqsood ,c & b Wood,1,5,0,0,20.00
28,Oman vs England,Oman,5,Khalid Kail ,st †Buttler b Rashid,1,3,0,0,33.33
28,Oman vs England,Oman,6,Ayaan Khan ,b Wood,1,5,0,0,20.00
28,Oman vs England,Oman,7,Shoaib Khan ,c †Buttler b Archer,11,23,1,0,47.82
28,Oman vs England,Oman,8,Mehran Khan ,c Ali b Rashid,0,2,0,0,0.00
28,Oman vs England,Oman,9,Fayyaz Butt ,b Rashid,2,7,0,0,28.57
28,Oman vs England,Oman,10,Kaleemullah ,b Rashid,5,5,1,0,100.00
28,Oman vs England,Oman,11,Bilal Khan ,not out,0,1,0,0,0.00
28,Oman vs England,England,1,Phil Salt ,b Bilal Khan,12,3,0,2,400.00
28,Oman vs England,England,2,Jos Buttler (c)†,not out,24,8,4,1,300.00
28,Oman vs England,England,3,Will Jacks ,c Prajapati b Kaleemullah,5,7,1,0,71.42
28,Oman vs England,England,4,Jonny Bairstow ,not out,8,2,2,0,400.00
29,P.N.G. vs Afghanistan,Papua New Guinea,1,Tony Ura ,b Naveen-ul-Haq,11,18,1,0,61.11
29,P.N.G. vs Afghanistan,Papua New Guinea,2,Assad Vala (c),run out (Fazalhaq Farooqi/†Rahmanullah Gurbaz),3,2,0,0,150.00
29,P.N.G. vs Afghanistan,Papua New Guinea,3,Lega Siaka ,c †Rahmanullah Gurbaz b Fazalhaq Farooqi,0,1,0,0,0.00
29,P.N.G. vs Afghanistan,Papua New Guinea,4,Sese Bau ,c †Rahmanullah Gurbaz b Fazalhaq Farooqi,0,1,0,0,0.00
29,P.N.G. vs Afghanistan,Papua New Guinea,5,Hiri Hiri ,b Naveen-ul-Haq,1,3,0,0,33.33
29,P.N.G. vs Afghanistan,Papua New Guinea,6,Chad Soper ,run out (Noor Ahmad/Rashid Khan),9,26,0,0,34.61
29,P.N.G. vs Afghanistan,Papua New Guinea,7,Kiplin Doriga †,lbw b Noor Ahmad,27,32,2,0,84.37
29,P.N.G. vs Afghanistan,Papua New Guinea,8,Norman Vanua ,run out (Rashid Khan),0,7,0,0,0.00
29,P.N.G. vs Afghanistan,Papua New Guinea,9,Alei Nao ,c Rashid Khan b Fazalhaq Farooqi,13,19,2,0,68.42
29,P.N.G. vs Afghanistan,Papua New Guinea,10,John Kariko ,not out,4,7,1,0,57.14
29,P.N.G. vs Afghanistan,Papua New Guinea,11,Semo Kamea ,run out (†Rahmanullah Gurbaz),2,3,0,0,66.66
29,P.N.G. vs Afghanistan,Afghanistan,1,Rahmanullah Gurbaz †,b Nao,11,7,1,1,157.14
29,P.N.G. vs Afghanistan,Afghanistan,2,Ibrahim Zadran ,b Kamea,0,7,0,0,0.00
29,P.N.G. vs Afghanistan,Afghanistan,3,Gulbadin Naib ,not out,49,36,4,2,136.11
29,P.N.G. vs Afghanistan,Afghanistan,4,Azmatullah Omarzai ,b Vanua,13,18,1,0,72.22
29,P.N.G. vs Afghanistan,Afghanistan,5,Mohammad Nabi ,not out,16,23,1,0,69.56
31,South Africa vs Nepal,South Africa,1,Reeza Hendricks ,c & b Airee,43,49,5,1,87.75
31,South Africa vs Nepal,South Africa,2,Quinton de Kock †,c & b Airee,10,11,1,0,90.90
31,South Africa vs Nepal,South Africa,3,Aiden Markram (c),b Bhurtel,15,22,2,0,68.18
31,South Africa vs Nepal,South Africa,4,Heinrich Klaasen ,c Karan KC b Bhurtel,3,5,0,0,60.00
31,South Africa vs Nepal,South Africa,5,David Miller ,c Lamichhane b Airee,7,10,0,0,70.00
31,South Africa vs Nepal,South Africa,6,Tristan Stubbs ,not out,27,18,2,1,150.00
31,South Africa vs Nepal,South Africa,7,Marco Jansen ,c Sah b Bhurtel,1,4,0,0,25.00
31,South Africa vs Nepal,South Africa,8,Kagiso Rabada ,st †Aasif Sheikh b Bhurtel,0,1,0,0,0.00
31,South Africa vs Nepal,Nepal,1,Kushal Bhurtel ,b Shamsi,13,21,1,1,61.90
31,South Africa vs Nepal,Nepal,2,Aasif Sheikh †,b Shamsi,42,49,4,1,85.71
31,South Africa vs Nepal,Nepal,3,Rohit Paudel (c),b Shamsi,0,2,0,0,0.00
31,South Africa vs Nepal,Nepal,4,Anil Sah ,c Jansen b Markram,27,24,3,1,112.50
31,South Africa vs Nepal,Nepal,5,Dipendra Singh Airee ,c †de Kock b Shamsi,6,11,0,0,54.54
31,South Africa vs Nepal,Nepal,6,Kushal Malla ,b Nortje,1,3,0,0,33.33
31,South Africa vs Nepal,Nepal,7,Gulsan Jha ,run out (†de Kock/Klaasen),6,6,1,0,100.00
31,South Africa vs Nepal,Nepal,8,Sompal Kami ,not out,8,4,0,1,200.00
32,Uganda vs New Zealand,Uganda,1,Ronak Patel ,c †Conway b Santner,2,20,0,0,10.00
32,Uganda vs New Zealand,Uganda,2,Simon Ssesazi †,lbw b Boult,0,1,0,0,0.00
32,Uganda vs New Zealand,Uganda,3,Robinson Obuya ,b Boult,0,1,0,0,0.00
32,Uganda vs New Zealand,Uganda,4,Alpesh Ramjani ,lbw b Southee,0,6,0,0,0.00
32,Uganda vs New Zealand,Uganda,5,Kenneth Waiswa ,b Ferguson,11,18,2,0,61.11
32,Uganda vs New Zealand,Uganda,6,Riazat Ali Shah ,c †Conway b Ravindra,2,13,0,0,15.38
32,Uganda vs New Zealand,Uganda,7,Dinesh Nakrani ,c Phillips b Ravindra,4,13,0,0,30.76
32,Uganda vs New Zealand,Uganda,8,Brian Masaba (c),not out,3,20,0,0,15.00
32,Uganda vs New Zealand,Uganda,9,Fred Achelam ,lbw b Southee,9,13,1,0,69.23
32,Uganda vs New Zealand,Uganda,10,Juma Miyagi ,lbw b Southee,0,1,0,0,0.00
32,Uganda vs New Zealand,Uganda,11,Cosmas Kyewuta ,c Mitchell b Santner,1,6,0,0,16.66
32,Uganda vs New Zealand,New Zealand,1,Finn Allen ,c Achelam b Riazat Ali Shah,9,17,1,0,52.94
32,Uganda vs New Zealand,New Zealand,2,Devon Conway †,not out,22,15,4,0,146.66
32,Uganda vs New Zealand,New Zealand,3,Rachin Ravindra ,not out,1,1,0,0,100.00
34,England vs Namibia,England,1,Phil Salt ,c †Green b Wiese,11,8,2,0,137.50
34,England vs Namibia,England,2,Jos Buttler (c)†,b Trumpelmann,0,4,0,0,0.00
34,England vs Namibia,England,3,Jonny Bairstow ,c †Green b Scholtz,31,18,3,2,172.22
34,England vs Namibia,England,4,Harry Brook ,not out,47,20,4,2,235.00
34,England vs Namibia,England,5,Moeen Ali ,c Davin b Trumpelmann,16,6,0,2,266.66
34,England vs Namibia,England,6,Liam Livingstone ,run out (Trumpelmann/†Green),13,4,0,2,325.00
34,England vs Namibia,Namibia,1,Michael van Lingen ,c Brook b Jordan,33,29,1,3,113.79
34,England vs Namibia,Namibia,2,Nikolaas Davin ,retired out,18,16,1,1,112.50
34,England vs Namibia,Namibia,3,David Wiese ,c Brook b Archer,27,12,2,2,225.00
34,England vs Namibia,Namibia,4,Gerhard Erasmus (c),not out,1,3,0,0,33.33
34,England vs Namibia,Namibia,5,JJ Smit ,not out,0,1,0,0,0.00
35,Scotland vs Australia,Scotland,1,George Munsey ,c Ellis b Maxwell,35,23,2,3,152.17
35,Scotland vs Australia,Scotland,2,Michael Jones ,b Agar,2,3,0,0,66.66
35,Scotland vs Australia,Scotland,3,Brandon McMullen ,c Starc b Zampa,60,34,2,6,176.47
35,Scotland vs Australia,Scotland,4,Richie Berrington (c),not out,42,31,1,2,135.48
35,Scotland vs Australia,Scotland,5,Matthew Cross †,c Agar b Maxwell,18,11,1,1,163.63
35,Scotland vs Australia,Scotland,6,Michael Leask ,c Starc b Ellis,5,8,0,0,62.50
35,Scotland vs Australia,Scotland,7,Chris Greaves ,not out,9,10,0,0,90.00
35,Scotland vs Australia,Australia,1,Travis Head ,c Jones b Sharif,68,49,5,4,138.77
35,Scotland vs Australia,Australia,2,David Warner ,c Berrington b Wheal,1,4,0,0,25.00
35,Scotland vs Australia,Australia,3,Mitchell Marsh (c),c sub (C Tear) b Sharif,8,9,1,0,88.88
35,Scotland vs Australia,Australia,4,Glenn Maxwell ,b Watt,11,8,0,1,137.50
35,Scotland vs Australia,Australia,5,Marcus Stoinis ,b Watt,59,29,9,2,203.44
35,Scotland vs Australia,Australia,6,Tim David ,not out,24,14,2,1,171.42
35,Scotland vs Australia,Australia,7,Matthew Wade †,not out,4,5,0,0,80.00
36,Ireland vs Pakistan,Ireland,1,Andy Balbirnie ,b Shaheen Shah Afridi,0,3,0,0,0.00
36,Ireland vs Pakistan,Ireland,2,Paul Stirling (c),c †Mohammad Rizwan b Mohammad Amir,1,2,0,0,50.00
36,Ireland vs Pakistan,Ireland,3,Lorcan Tucker †,c †Mohammad Rizwan b Shaheen Shah Afridi,2,2,0,0,100.00
36,Ireland vs Pakistan,Ireland,4,Harry Tector ,lbw b Shaheen Shah Afridi,0,6,0,0,0.00
36,Ireland vs Pakistan,Ireland,5,Curtis Campher ,c Saim Ayub b Haris Rauf,7,14,1,0,50.00
36,Ireland vs Pakistan,Ireland,6,George Dockrell ,c & b Mohammad Amir,11,10,2,0,110.00
36,Ireland vs Pakistan,Ireland,7,Gareth Delany ,c Shadab Khan b Imad Wasim,31,19,1,3,163.15
36,Ireland vs Pakistan,Ireland,8,Mark Adair ,c Shaheen Shah Afridi b Imad Wasim,15,19,2,0,78.94
36,Ireland vs Pakistan,Ireland,9,Barry McCarthy ,b Imad Wasim,2,7,0,0,28.57
36,Ireland vs Pakistan,Ireland,10,Josh Little ,not out,22,18,2,1,122.22
36,Ireland vs Pakistan,Ireland,11,Ben White ,not out,5,20,0,0,25.00
36,Ireland vs Pakistan,Pakistan,1,Mohammad Rizwan †,c Adair b McCarthy,17,16,2,0,106.25
36,Ireland vs Pakistan,Pakistan,2,Saim Ayub ,c †Tucker b Adair,17,17,2,1,100.00
36,Ireland vs Pakistan,Pakistan,3,Babar Azam (c),not out,32,34,2,0,94.11
36,Ireland vs Pakistan,Pakistan,4,Fakhar Zaman ,c sub (GR Adair) b Campher,5,9,0,0,55.55
36,Ireland vs Pakistan,Pakistan,5,Usman Khan ,c Tector b McCarthy,2,3,0,0,66.66
36,Ireland vs Pakistan,Pakistan,6,Shadab Khan ,c †Tucker b McCarthy,0,2,0,0,0.00
36,Ireland vs Pakistan,Pakistan,7,Imad Wasim ,c Tector b Campher,4,6,1,0,66.66
36,Ireland vs Pakistan,Pakistan,8,Abbas Afridi ,c sub (GR Adair) b White,17,21,1,1,80.95
36,Ireland vs Pakistan,Pakistan,9,Shaheen Shah Afridi ,not out,13,5,0,2,260.00
37,Bangladesh vs Nepal,Bangladesh,1,Tanzid Hasan ,c & b Sompal Kami,0,1,0,0,0.00
37,Bangladesh vs Nepal,Bangladesh,2,Litton Das †,c †Aasif Sheikh b Sompal Kami,10,12,1,0,83.33
37,Bangladesh vs Nepal,Bangladesh,3,Najmul Hossain Shanto (c),b Airee,4,5,0,0,80.00
37,Bangladesh vs Nepal,Bangladesh,4,Shakib Al Hasan ,lbw b Paudel,17,22,2,0,77.27
37,Bangladesh vs Nepal,Bangladesh,5,Towhid Hridoy ,c Lamichhane b Paudel,9,7,2,0,128.57
37,Bangladesh vs Nepal,Bangladesh,6,Mahmudullah ,run out (Gulsan Jha/Lamichhane),13,13,2,0,100.00
37,Bangladesh vs Nepal,Bangladesh,7,Jaker Ali ,b Lamichhane,12,26,0,0,46.15
37,Bangladesh vs Nepal,Bangladesh,8,Tanzim Hasan Sakib ,b Lamichhane,3,5,0,0,60.00
37,Bangladesh vs Nepal,Bangladesh,9,Rishad Hossain ,c Sah b Airee,13,7,1,1,185.71
37,Bangladesh vs Nepal,Bangladesh,10,Taskin Ahmed ,not out,12,15,2,0,80.00
37,Bangladesh vs Nepal,Bangladesh,11,Mustafizur Rahman ,run out (Paudel/Airee),3,4,0,0,75.00
37,Bangladesh vs Nepal,Nepal,1,Kushal Bhurtel ,b Tanzim Hasan Sakib,4,8,1,0,50.00
37,Bangladesh vs Nepal,Nepal,2,Aasif Sheikh †,c Shakib Al Hasan b Mustafizur Rahman,17,14,4,0,121.42
37,Bangladesh vs Nepal,Nepal,3,Anil Sah ,c Najmul Hossain Shanto b Tanzim Hasan Sakib,0,2,0,0,0.00
37,Bangladesh vs Nepal,Nepal,4,Rohit Paudel (c),c Rishad Hossain b Tanzim Hasan Sakib,1,6,0,0,16.66
37,Bangladesh vs Nepal,Nepal,5,Sundeep Jora ,c Rishad Hossain b Tanzim Hasan Sakib,1,8,0,0,12.50
37,Bangladesh vs Nepal,Nepal,6,Kushal Malla ,c Najmul Hossain Shanto b Mustafizur Rahman,27,40,1,1,67.50
37,Bangladesh vs Nepal,Nepal,7,Dipendra Singh Airee ,c †Litton Das b Mustafizur Rahman,25,31,2,1,80.64
37,Bangladesh vs Nepal,Nepal,8,Gulsan Jha ,c Towhid Hridoy b Taskin Ahmed,0,4,0,0,0.00
37,Bangladesh vs Nepal,Nepal,9,Sompal Kami ,st †Litton Das b Shakib Al Hasan,0,2,0,0,0.00
37,Bangladesh vs Nepal,Nepal,10,Sandeep Lamichhane ,not out,0,0,0,0,-
37,Bangladesh vs Nepal,Nepal,11,Abinash Bohara ,lbw b Shakib Al Hasan,0,1,0,0,0.00
38,Sri Lanka vs Netherlands,Sri Lanka,1,Pathum Nissanka ,c Engelbrecht b Kingma,0,2,0,0,0.00
38,Sri Lanka vs Netherlands,Sri Lanka,2,Kusal Mendis †,c Engelbrecht b Dutt,46,29,5,0,158.62
38,Sri Lanka vs Netherlands,Sri Lanka,3,Kamindu Mendis ,c van Beek b van Meekeren,17,20,1,1,85.00
38,Sri Lanka vs Netherlands,Sri Lanka,4,Dhananjaya de Silva ,c de Leede b Pringle,34,26,3,1,130.76
38,Sri Lanka vs Netherlands,Sri Lanka,5,Charith Asalanka ,c de Leede b van Beek,46,21,1,5,219.04
38,Sri Lanka vs Netherlands,Sri Lanka,6,Angelo Mathews ,not out,30,15,1,2,200.00
38,Sri Lanka vs Netherlands,Sri Lanka,7,Dasun Shanaka ,c †Edwards b van Beek,0,1,0,0,0.00
38,Sri Lanka vs Netherlands,Sri Lanka,8,Wanindu Hasaranga (c),not out,20,6,1,2,333.33
38,Sri Lanka vs Netherlands,Netherlands,1,Michael Levitt ,st †BKG Mendis b Theekshana,31,23,2,3,134.78
38,Sri Lanka vs Netherlands,Netherlands,2,Max O'Dowd ,c PHKD Mendis b Thushara,11,8,0,1,137.50
38,Sri Lanka vs Netherlands,Netherlands,3,Vikramjit Singh ,c PHKD Mendis b Shanaka,7,10,0,0,70.00
38,Sri Lanka vs Netherlands,Netherlands,4,Sybrand Engelbrecht ,c Asalanka b Pathirana,11,9,0,1,122.22
38,Sri Lanka vs Netherlands,Netherlands,5,Scott Edwards (c)†,c Theekshana b Thushara,31,24,2,1,129.16
38,Sri Lanka vs Netherlands,Netherlands,6,Bas de Leede ,c Asalanka b Hasaranga,3,5,0,0,60.00
38,Sri Lanka vs Netherlands,Netherlands,7,Logan van Beek ,run out (†BKG Mendis),0,1,0,0,0.00
38,Sri Lanka vs Netherlands,Netherlands,8,Tim Pringle ,st †BKG Mendis b Hasaranga,2,4,0,0,50.00
38,Sri Lanka vs Netherlands,Netherlands,9,Aryan Dutt ,b Pathirana,10,8,1,0,125.00
38,Sri Lanka vs Netherlands,Netherlands,10,Paul van Meekeren ,lbw b Thushara,3,8,0,0,37.50
38,Sri Lanka vs Netherlands,Netherlands,11,Vivian Kingma ,not out,1,1,0,0,100.00
39,P.N.G. vs New Zealand,Papua New Guinea,1,Tony Ura ,c Phillips b Southee,1,2,0,0,50.00
39,P.N.G. vs New Zealand,Papua New Guinea,2,Assad Vala (c),c Mitchell b Ferguson,6,16,1,0,37.50
39,P.N.G. vs New Zealand,Papua New Guinea,3,Charles Amini ,lbw b Ferguson,17,25,2,0,68.00
39,P.N.G. vs New Zealand,Papua New Guinea,4,Sese Bau ,c Allen b Santner,12,27,1,0,44.44
39,P.N.G. vs New Zealand,Papua New Guinea,5,Hiri Hiri ,b Boult,7,11,1,0,63.63
39,P.N.G. vs New Zealand,Papua New Guinea,6,Chad Soper ,b Ferguson,1,6,0,0,16.66
39,P.N.G. vs New Zealand,Papua New Guinea,7,Kiplin Doriga †,b Southee,5,7,1,0,71.42
39,P.N.G. vs New Zealand,Papua New Guinea,8,Norman Vanua ,c Mitchell b Boult,14,13,1,1,107.69
39,P.N.G. vs New Zealand,Papua New Guinea,9,Alei Nao ,c Mitchell b Sodhi,3,7,0,0,42.85
39,P.N.G. vs New Zealand,Papua New Guinea,10,Kabua Morea ,st †Conway b Sodhi,0,3,0,0,0.00
39,P.N.G. vs New Zealand,Papua New Guinea,11,Semo Kamea ,not out,1,1,0,0,100.00
39,P.N.G. vs New Zealand,New Zealand,1,Finn Allen ,c †Doriga b Morea,0,2,0,0,0.00
39,P.N.G. vs New Zealand,New Zealand,2,Devon Conway †,lbw b Kamea,35,32,2,3,109.37
39,P.N.G. vs New Zealand,New Zealand,3,Rachin Ravindra ,c Kamea b Morea,6,11,0,0,54.54
39,P.N.G. vs New Zealand,New Zealand,4,Kane Williamson (c),not out,18,17,2,0,105.88
39,P.N.G. vs New Zealand,New Zealand,5,Daryl Mitchell ,not out,19,12,3,0,158.33
40,West Indies vs Afghanistan,West Indies,1,Brandon King ,b Azmatullah Omarzai,7,6,1,0,116.66
40,West Indies vs Afghanistan,West Indies,2,Johnson Charles ,c Gulbadin Naib b Naveen-ul-Haq,43,27,8,0,159.25
40,West Indies vs Afghanistan,West Indies,3,Nicholas Pooran †,run out (Azmatullah Omarzai),98,53,6,8,184.90
40,West Indies vs Afghanistan,West Indies,4,Shai Hope ,c Najibullah Zadran b Gulbadin Naib,25,17,0,2,147.05
40,West Indies vs Afghanistan,West Indies,5,Rovman Powell (c),c sub (Nangeyalia Kharote) b Gulbadin Naib,26,15,1,2,173.33
40,West Indies vs Afghanistan,West Indies,6,Andre Russell ,not out,3,3,0,0,100.00
40,West Indies vs Afghanistan,West Indies,7,Sherfane Rutherford ,not out,1,1,0,0,100.00
40,West Indies vs Afghanistan,Afghanistan,1,Rahmanullah Gurbaz †,c Russell b Hosein,0,3,0,0,0.00
40,West Indies vs Afghanistan,Afghanistan,2,Ibrahim Zadran ,c Charles b McCoy,38,28,5,1,135.71
40,West Indies vs Afghanistan,Afghanistan,3,Gulbadin Naib ,lbw b Motie,7,10,1,0,70.00
40,West Indies vs Afghanistan,Afghanistan,4,Azmatullah Omarzai ,c Powell b Hosein,23,19,1,1,121.05
40,West Indies vs Afghanistan,Afghanistan,5,Najibullah Zadran ,c Charles b McCoy,0,2,0,0,0.00
40,West Indies vs Afghanistan,Afghanistan,6,Mohammad Nabi ,b McCoy,1,4,0,0,25.00
40,West Indies vs Afghanistan,Afghanistan,7,Karim Janat ,run out (King/Hosein),14,9,0,1,155.55
40,West Indies vs Afghanistan,Afghanistan,8,Rashid Khan (c),c Powell b Russell,18,11,2,1,163.63
40,West Indies vs Afghanistan,Afghanistan,9,Noor Ahmad ,c Rutherford b Motie,2,4,0,0,50.00
40,West Indies vs Afghanistan,Afghanistan,10,Naveen-ul-Haq ,c †Pooran b Joseph,4,6,1,0,66.66
40,West Indies vs Afghanistan,Afghanistan,11,Fazalhaq Farooqi ,not out,0,2,0,0,0.00
41,South Africa vs U.S.A.,South Africa,1,Quinton de Kock †,c Shayan Jahangir b Harmeet Singh,74,40,7,5,185.00
41,South Africa vs U.S.A.,South Africa,2,Reeza Hendricks ,c Anderson b Netravalkar,11,11,0,1,100.00
41,South Africa vs U.S.A.,South Africa,3,Aiden Markram (c),c Ali Khan b Netravalkar,46,32,4,1,143.75
41,South Africa vs U.S.A.,South Africa,4,David Miller ,c & b Harmeet Singh,0,1,0,0,0.00
41,South Africa vs U.S.A.,South Africa,5,Heinrich Klaasen ,not out,36,22,0,3,163.63
41,South Africa vs U.S.A.,South Africa,6,Tristan Stubbs ,not out,20,16,2,0,125.00
41,South Africa vs U.S.A.,United States Of America,1,Steven Taylor ,c Klaasen b Rabada,24,14,4,1,171.42
41,South Africa vs U.S.A.,United States Of America,2,Andries Gous †,not out,80,47,5,5,170.21
41,South Africa vs U.S.A.,United States Of America,3,Nitish Kumar ,c Stubbs b Rabada,8,6,0,1,133.33
41,South Africa vs U.S.A.,United States Of America,4,Aaron Jones (c),c †de Kock b Maharaj,0,5,0,0,0.00
41,South Africa vs U.S.A.,United States Of America,5,Corey Anderson ,b Nortje,12,12,0,1,100.00
41,South Africa vs U.S.A.,United States Of America,6,Shayan Jahangir ,lbw b Shamsi,3,9,0,0,33.33
41,South Africa vs U.S.A.,United States Of America,7,Harmeet Singh ,c Stubbs b Rabada,38,22,2,3,172.72
41,South Africa vs U.S.A.,United States Of America,8,Jasdeep Singh ,not out,2,6,0,0,33.33
42,West Indies vs England,West Indies,1,Brandon King ,retired hurt,23,13,3,1,176.92
42,West Indies vs England,West Indies,2,Johnson Charles ,c Brook b Ali,38,34,4,1,111.76
42,West Indies vs England,West Indies,3,Nicholas Pooran †,c †Buttler b Archer,36,32,4,1,112.50
42,West Indies vs England,West Indies,4,Rovman Powell (c),c Wood b Livingstone,36,17,0,5,211.76
42,West Indies vs England,West Indies,5,Andre Russell ,c Salt b Rashid,1,2,0,0,50.00
42,West Indies vs England,West Indies,6,Sherfane Rutherford ,not out,28,15,1,2,186.66
42,West Indies vs England,West Indies,7,Romario Shepherd ,not out,5,7,1,0,71.42
42,West Indies vs England,England,1,Phil Salt ,not out,87,47,7,5,185.10
42,West Indies vs England,England,2,Jos Buttler (c)†,lbw b Chase,25,22,2,0,113.63
42,West Indies vs England,England,3,Moeen Ali ,c Charles b Russell,13,10,2,0,130.00
42,West Indies vs England,England,4,Jonny Bairstow ,not out,48,26,5,2,184.61
43,India vs Afghanistan,India,1,Rohit Sharma (c),c Rashid Khan b Fazalhaq Farooqi,8,13,1,0,61.53
43,India vs Afghanistan,India,2,Virat Kohli ,c Mohammad Nabi b Rashid Khan,24,24,0,1,100.00
43,India vs Afghanistan,India,3,Rishabh Pant †,lbw b Rashid Khan,20,11,4,0,181.81
43,India vs Afghanistan,India,4,Suryakumar Yadav ,c Mohammad Nabi b Fazalhaq Farooqi,53,28,5,3,189.28
43,India vs Afghanistan,India,5,Shivam Dube ,lbw b Rashid Khan,10,7,0,1,142.85
43,India vs Afghanistan,India,6,Hardik Pandya ,c Azmatullah Omarzai b Naveen-ul-Haq,32,24,3,2,133.33
43,India vs Afghanistan,India,7,Ravindra Jadeja ,c Gulbadin Naib b Fazalhaq Farooqi,7,5,1,0,140.00
43,India vs Afghanistan,India,8,Axar Patel ,run out (†Rahmanullah Gurbaz/Naveen-ul-Haq),12,6,2,0,200.00
43,India vs Afghanistan,India,9,Arshdeep Singh ,not out,2,2,0,0,100.00
43,India vs Afghanistan,Afghanistan,1,Rahmanullah Gurbaz †,c †Pant b Bumrah,11,8,1,1,137.50
43,India vs Afghanistan,Afghanistan,2,Hazratullah Zazai ,c Jadeja b Bumrah,2,4,0,0,50.00
43,India vs Afghanistan,Afghanistan,3,Ibrahim Zadran ,c Sharma b Patel,8,11,1,0,72.72
43,India vs Afghanistan,Afghanistan,4,Gulbadin Naib ,c †Pant b Kuldeep Yadav,17,21,1,1,80.95
43,India vs Afghanistan,Afghanistan,5,Azmatullah Omarzai ,c Patel b Jadeja,26,20,2,1,130.00
43,India vs Afghanistan,Afghanistan,6,Najibullah Zadran ,c Arshdeep Singh b Bumrah,19,17,0,2,111.76
43,India vs Afghanistan,Afghanistan,7,Mohammad Nabi ,c Jadeja b Kuldeep Yadav,14,14,0,1,100.00
43,India vs Afghanistan,Afghanistan,8,Rashid Khan (c),c Jadeja b Arshdeep Singh,2,6,0,0,33.33
43,India vs Afghanistan,Afghanistan,9,Noor Ahmad ,c Sharma b Arshdeep Singh,12,18,1,1,66.66
43,India vs Afghanistan,Afghanistan,10,Naveen-ul-Haq ,c †Pant b Arshdeep Singh,0,1,0,0,0.00
43,India vs Afghanistan,Afghanistan,11,Fazalhaq Farooqi ,not out,4,1,1,0,400.00
44,Bangladesh vs Australia,Bangladesh,1,Tanzid Hasan ,b Starc,0,3,0,0,0.00
44,Bangladesh vs Australia,Bangladesh,2,Litton Das †,b Zampa,16,25,2,0,64.00
44,Bangladesh vs Australia,Bangladesh,3,Najmul Hossain Shanto (c),lbw b Zampa,41,36,5,1,113.88
44,Bangladesh vs Australia,Bangladesh,4,Rishad Hossain ,c Zampa b Maxwell,2,4,0,0,50.00
44,Bangladesh vs Australia,Bangladesh,5,Towhid Hridoy ,c Hazlewood b Cummins,40,28,2,2,142.85
44,Bangladesh vs Australia,Bangladesh,6,Shakib Al Hasan ,c & b Stoinis,8,10,0,0,80.00
44,Bangladesh vs Australia,Bangladesh,7,Mahmudullah ,b Cummins,2,3,0,0,66.66
44,Bangladesh vs Australia,Bangladesh,8,Mahedi Hasan ,c Zampa b Cummins,0,1,0,0,0.00
44,Bangladesh vs Australia,Bangladesh,9,Taskin Ahmed ,not out,13,7,1,0,185.71
44,Bangladesh vs Australia,Bangladesh,10,Tanzim Hasan Sakib ,not out,4,3,0,0,133.33
44,Bangladesh vs Australia,Australia,1,David Warner ,not out,53,35,5,3,151.42
44,Bangladesh vs Australia,Australia,2,Travis Head ,b Rishad Hossain,31,21,3,2,147.61
44,Bangladesh vs Australia,Australia,3,Mitchell Marsh (c),lbw b Rishad Hossain,1,6,0,0,16.66
44,Bangladesh vs Australia,Australia,4,Glenn Maxwell ,not out,14,6,1,1,233.33
45,South Africa vs England,South Africa,1,Reeza Hendricks ,c Brook b Ali,19,25,1,0,76.00
45,South Africa vs England,South Africa,2,Quinton de Kock †,c †Buttler b Archer,65,38,4,4,171.05
45,South Africa vs England,South Africa,3,Heinrich Klaasen ,run out (†Buttler),8,13,1,0,61.53
45,South Africa vs England,South Africa,4,David Miller ,c Brook b Archer,43,28,4,2,153.57
45,South Africa vs England,South Africa,5,Aiden Markram (c),b Rashid,1,2,0,0,50.00
45,South Africa vs England,South Africa,6,Tristan Stubbs ,not out,12,11,1,0,109.09
45,South Africa vs England,South Africa,7,Marco Jansen ,c Curran b Archer,0,1,0,0,0.00
45,South Africa vs England,South Africa,8,Keshav Maharaj ,not out,5,2,1,0,250.00
45,South Africa vs England,England,1,Phil Salt ,c Hendricks b Rabada,11,8,1,1,137.50
45,South Africa vs England,England,2,Jos Buttler (c)†,c Klaasen b Maharaj,17,20,1,0,85.00
45,South Africa vs England,England,3,Jonny Bairstow ,c Nortje b Maharaj,16,20,1,0,80.00
45,South Africa vs England,England,4,Moeen Ali ,c Maharaj b Baartman,9,10,0,0,90.00
45,South Africa vs England,England,5,Harry Brook ,c Markram b Nortje,53,37,7,0,143.24
45,South Africa vs England,England,6,Liam Livingstone ,c Stubbs b Rabada,33,17,3,2,194.11
45,South Africa vs England,England,7,Sam Curran ,not out,10,7,1,0,142.85
45,South Africa vs England,England,8,Jofra Archer ,not out,1,2,0,0,50.00
46,West Indies vs U.S.A.,United States Of America,1,Steven Taylor ,c Chase b Russell,2,7,0,0,28.57
46,West Indies vs U.S.A.,United States Of America,2,Andries Gous †,c Hope b Joseph,29,16,3,1,181.25
46,West Indies vs U.S.A.,United States Of America,3,Nitish Kumar ,lbw b Motie,20,19,2,0,105.26
46,West Indies vs U.S.A.,United States Of America,4,Aaron Jones (c),b Chase,11,11,0,1,100.00
46,West Indies vs U.S.A.,United States Of America,5,Corey Anderson ,lbw b Chase,7,15,0,0,46.66
46,West Indies vs U.S.A.,United States Of America,6,Milind Kumar ,run out (Motie/Russell),19,21,1,0,90.47
46,West Indies vs U.S.A.,United States Of America,7,Harmeet Singh ,c Charles b Chase,0,1,0,0,0.00
46,West Indies vs U.S.A.,United States Of America,8,Shadley van Schalkwyk ,c Charles b Russell,18,17,3,0,105.88
46,West Indies vs U.S.A.,United States Of America,9,Nosthush Kenjige ,c †Pooran b Joseph,1,3,0,0,33.33
46,West Indies vs U.S.A.,United States Of America,10,Ali Khan ,not out,14,6,1,1,233.33
46,West Indies vs U.S.A.,United States Of America,11,Saurabh Netravalkar ,c Powell b Russell,0,4,0,0,0.00
46,West Indies vs U.S.A.,West Indies,1,Shai Hope ,not out,82,39,4,8,210.25
46,West Indies vs U.S.A.,West Indies,2,Johnson Charles ,c Milind Kumar b Harmeet Singh,15,14,2,0,107.14
46,West Indies vs U.S.A.,West Indies,3,Nicholas Pooran †,not out,27,12,1,3,225.00
47,India vs Bangladesh,India,1,Rohit Sharma (c),c Jaker Ali b Shakib Al Hasan,23,11,3,1,209.09
47,India vs Bangladesh,India,2,Virat Kohli ,b Tanzim Hasan Sakib,37,28,1,3,132.14
47,India vs Bangladesh,India,3,Rishabh Pant †,c Tanzim Hasan Sakib b Rishad Hossain,36,24,4,2,150.00
47,India vs Bangladesh,India,4,Suryakumar Yadav ,c †Litton Das b Tanzim Hasan Sakib,6,2,0,1,300.00
47,India vs Bangladesh,India,5,Shivam Dube ,b Rishad Hossain,34,24,0,3,141.66
47,India vs Bangladesh,India,6,Hardik Pandya ,not out,50,27,4,3,185.18
47,India vs Bangladesh,India,7,Axar Patel ,not out,3,5,0,0,60.00
47,India vs Bangladesh,Bangladesh,1,Litton Das †,c Yadav b Pandya,13,10,1,1,130.00
47,India vs Bangladesh,Bangladesh,2,Tanzid Hasan ,lbw b Kuldeep Yadav,29,31,4,0,93.54
47,India vs Bangladesh,Bangladesh,3,Najmul Hossain Shanto (c),c Arshdeep Singh b Bumrah,40,32,1,3,125.00
47,India vs Bangladesh,Bangladesh,4,Towhid Hridoy ,lbw b Kuldeep Yadav,4,6,0,0,66.66
47,India vs Bangladesh,Bangladesh,5,Shakib Al Hasan ,c Sharma b Kuldeep Yadav,11,7,1,1,157.14
47,India vs Bangladesh,Bangladesh,6,Mahmudullah ,c Patel b Arshdeep Singh,13,15,1,0,86.66
47,India vs Bangladesh,Bangladesh,7,Jaker Ali ,c Kohli b Arshdeep Singh,1,4,0,0,25.00
47,India vs Bangladesh,Bangladesh,8,Rishad Hossain ,c Sharma b Bumrah,24,10,1,3,240.00
47,India vs Bangladesh,Bangladesh,9,Mahedi Hasan ,not out,5,4,1,0,125.00
47,India vs Bangladesh,Bangladesh,10,Tanzim Hasan Sakib ,not out,1,1,0,0,100.00
48,Afghanistan vs Australia,Afghanistan,1,Rahmanullah Gurbaz †,c Warner b Stoinis,60,49,4,4,122.44
48,Afghanistan vs Australia,Afghanistan,2,Ibrahim Zadran ,c Marsh b Zampa,51,48,6,0,106.25
48,Afghanistan vs Australia,Afghanistan,3,Azmatullah Omarzai ,b Zampa,2,3,0,0,66.66
48,Afghanistan vs Australia,Afghanistan,4,Karim Janat ,c David b Cummins,13,9,0,1,144.44
48,Afghanistan vs Australia,Afghanistan,5,Rashid Khan (c),c David b Cummins,2,5,0,0,40.00
48,Afghanistan vs Australia,Afghanistan,6,Mohammad Nabi ,not out,10,4,2,0,250.00
48,Afghanistan vs Australia,Afghanistan,7,Gulbadin Naib ,c Maxwell b Cummins,0,1,0,0,0.00
48,Afghanistan vs Australia,Afghanistan,8,Nangeyalia Kharote ,not out,1,1,0,0,100.00
48,Afghanistan vs Australia,Australia,1,Travis Head ,b Naveen-ul-Haq,0,3,0,0,0.00
48,Afghanistan vs Australia,Australia,2,David Warner ,c Noor Ahmad b Mohammad Nabi,3,8,0,0,37.50
48,Afghanistan vs Australia,Australia,3,Mitchell Marsh (c),c Mohammad Nabi b Naveen-ul-Haq,12,9,2,0,133.33
48,Afghanistan vs Australia,Australia,4,Glenn Maxwell ,c Noor Ahmad b Gulbadin Naib,59,41,6,3,143.90
48,Afghanistan vs Australia,Australia,5,Marcus Stoinis ,c †Rahmanullah Gurbaz b Gulbadin Naib,11,17,1,0,64.70
48,Afghanistan vs Australia,Australia,6,Tim David ,lbw b Gulbadin Naib,2,4,0,0,50.00
48,Afghanistan vs Australia,Australia,7,Matthew Wade †,c Karim Janat b Rashid Khan,5,7,0,0,71.42
48,Afghanistan vs Australia,Australia,8,Pat Cummins ,b Gulbadin Naib,3,9,0,0,33.33
48,Afghanistan vs Australia,Australia,9,Ashton Agar ,c Gulbadin Naib b Naveen-ul-Haq,2,5,0,0,40.00
48,Afghanistan vs Australia,Australia,10,Adam Zampa ,c Mohammad Nabi b Azmatullah Omarzai,9,7,1,0,128.57
48,Afghanistan vs Australia,Australia,11,Josh Hazlewood ,not out,5,7,0,0,71.42
49,U.S.A. vs England,United States Of America,1,Steven Taylor ,c Ali b Curran,12,13,2,0,92.30
49,U.S.A. vs England,United States Of America,2,Andries Gous †,c Salt b Topley,8,5,0,1,160.00
49,U.S.A. vs England,United States Of America,3,Nitish Kumar ,b Rashid,30,24,1,2,125.00
49,U.S.A. vs England,United States Of America,4,Aaron Jones (c),b Rashid,10,16,2,0,62.50
49,U.S.A. vs England,United States Of America,5,Corey Anderson ,c Brook b Jordan,29,28,0,1,103.57
49,U.S.A. vs England,United States Of America,6,Milind Kumar ,c †Buttler b Livingstone,4,6,0,0,66.66
49,U.S.A. vs England,United States Of America,7,Harmeet Singh ,c Jordan b Curran,21,17,2,1,123.52
49,U.S.A. vs England,United States Of America,8,Shadley van Schalkwyk ,not out,0,0,0,0,-
49,U.S.A. vs England,United States Of America,9,Ali Khan ,b Jordan,0,2,0,0,0.00
49,U.S.A. vs England,United States Of America,10,Nosthush Kenjige ,lbw b Jordan,0,1,0,0,0.00
49,U.S.A. vs England,United States Of America,11,Saurabh Netravalkar ,b Jordan,0,1,0,0,0.00
49,U.S.A. vs England,England,1,Phil Salt ,not out,25,21,2,0,119.04
49,U.S.A. vs England,England,2,Jos Buttler (c)†,not out,83,38,6,7,218.42
50,West Indies vs South Africa,West Indies,1,Kyle Mayers ,c Stubbs b Shamsi,35,34,3,2,102.94
50,West Indies vs South Africa,West Indies,2,Shai Hope ,c Stubbs b Jansen,0,1,0,0,0.00
50,West Indies vs South Africa,West Indies,3,Nicholas Pooran †,c Jansen b Markram,1,3,0,0,33.33
50,West Indies vs South Africa,West Indies,4,Roston Chase ,c Rabada b Shamsi,52,42,3,2,123.80
50,West Indies vs South Africa,West Indies,5,Rovman Powell (c),st †de Kock b Maharaj,1,2,0,0,50.00
50,West Indies vs South Africa,West Indies,6,Sherfane Rutherford ,c Markram b Shamsi,0,4,0,0,0.00
50,West Indies vs South Africa,West Indies,7,Andre Russell ,run out (Nortje),15,9,0,2,166.66
50,West Indies vs South Africa,West Indies,8,Akeal Hosein ,c & b Rabada,6,11,1,0,54.54
50,West Indies vs South Africa,West Indies,9,Alzarri Joseph ,not out,11,7,0,1,157.14
50,West Indies vs South Africa,West Indies,10,Gudakesh Motie ,not out,4,7,1,0,57.14
50,West Indies vs South Africa,South Africa,1,Quinton de Kock †,c Rutherford b Russell,12,7,3,0,171.42
50,West Indies vs South Africa,South Africa,2,Reeza Hendricks ,c †Pooran b Russell,0,1,0,0,0.00
50,West Indies vs South Africa,South Africa,3,Aiden Markram (c),c Mayers b Joseph,18,15,2,0,120.00
50,West Indies vs South Africa,South Africa,4,Tristan Stubbs ,c Mayers b Chase,29,27,4,0,107.40
50,West Indies vs South Africa,South Africa,5,Heinrich Klaasen ,c †Pooran b Joseph,22,10,3,1,220.00
50,West Indies vs South Africa,South Africa,6,David Miller ,b Chase,4,14,0,0,28.57
50,West Indies vs South Africa,South Africa,7,Marco Jansen ,not out,21,14,1,1,150.00
50,West Indies vs South Africa,South Africa,8,Keshav Maharaj ,c Joseph b Chase,2,6,0,0,33.33
50,West Indies vs South Africa,South Africa,9,Kagiso Rabada ,not out,5,3,1,0,166.66
51,India vs Australia,India,1,Rohit Sharma (c),b Starc,92,41,7,8,224.39
51,India vs Australia,India,2,Virat Kohli ,c David b Hazlewood,0,5,0,0,0.00
51,India vs Australia,India,3,Rishabh Pant †,c Hazlewood b Stoinis,15,14,1,1,107.14
51,India vs Australia,India,4,Suryakumar Yadav ,c †Wade b Starc,31,16,3,2,193.75
51,India vs Australia,India,5,Shivam Dube ,c Warner b Stoinis,28,22,2,1,127.27
51,India vs Australia,India,6,Hardik Pandya ,not out,27,17,1,2,158.82
51,India vs Australia,India,7,Ravindra Jadeja ,not out,9,5,0,1,180.00
51,India vs Australia,Australia,1,David Warner ,c Yadav b Arshdeep Singh,6,6,1,0,100.00
51,India vs Australia,Australia,2,Travis Head ,c Sharma b Bumrah,76,43,9,4,176.74
51,India vs Australia,Australia,3,Mitchell Marsh (c),c Patel b Kuldeep Yadav,37,28,3,2,132.14
51,India vs Australia,Australia,4,Glenn Maxwell ,b Kuldeep Yadav,20,12,2,1,166.66
51,India vs Australia,Australia,5,Marcus Stoinis ,c Pandya b Patel,2,4,0,0,50.00
51,India vs Australia,Australia,6,Tim David ,c Bumrah b Arshdeep Singh,15,11,1,1,136.36
51,India vs Australia,Australia,7,Matthew Wade †,c Kuldeep Yadav b Arshdeep Singh,1,2,0,0,50.00
51,India vs Australia,Australia,8,Pat Cummins ,not out,11,7,0,1,157.14
51,India vs Australia,Australia,9,Mitchell Starc ,not out,4,7,0,0,57.14
52,Afghanistan vs Bangladesh,Afghanistan,1,Rahmanullah Gurbaz †,c Soumya Sarkar b Rishad Hossain,43,55,3,1,78.18
52,Afghanistan vs Bangladesh,Afghanistan,2,Ibrahim Zadran ,c Tanzim Hasan Sakib b Rishad Hossain,18,29,1,0,62.06
52,Afghanistan vs Bangladesh,Afghanistan,3,Azmatullah Omarzai ,c †Litton Das b Mustafizur Rahman,10,12,0,0,83.33
52,Afghanistan vs Bangladesh,Afghanistan,4,Gulbadin Naib ,c Soumya Sarkar b Rishad Hossain,4,3,1,0,133.33
52,Afghanistan vs Bangladesh,Afghanistan,5,Mohammad Nabi ,c Najmul Hossain Shanto b Taskin Ahmed,1,5,0,0,20.00
52,Afghanistan vs Bangladesh,Afghanistan,6,Karim Janat ,not out,7,6,1,0,116.66
52,Afghanistan vs Bangladesh,Afghanistan,7,Rashid Khan (c),not out,19,10,0,3,190.00
52,Afghanistan vs Bangladesh,Bangladesh,1,Litton Das †,not out,54,49,5,1,110.20
52,Afghanistan vs Bangladesh,Bangladesh,2,Tanzid Hasan ,lbw b Fazalhaq Farooqi,0,3,0,0,0.00
52,Afghanistan vs Bangladesh,Bangladesh,3,Najmul Hossain Shanto (c),c Mohammad Nabi b Naveen-ul-Haq,5,5,1,0,100.00
52,Afghanistan vs Bangladesh,Bangladesh,4,Shakib Al Hasan ,c & b Naveen-ul-Haq,0,1,0,0,0.00
52,Afghanistan vs Bangladesh,Bangladesh,5,Soumya Sarkar ,b Rashid Khan,10,10,1,0,100.00
52,Afghanistan vs Bangladesh,Bangladesh,6,Towhid Hridoy ,c Ibrahim Zadran b Rashid Khan,14,9,2,0,155.55
52,Afghanistan vs Bangladesh,Bangladesh,7,Mahmudullah ,c sub (†Mohammad Ishaq) b Rashid Khan,6,9,1,0,66.66
52,Afghanistan vs Bangladesh,Bangladesh,8,Rishad Hossain ,b Rashid Khan,0,1,0,0,0.00
52,Afghanistan vs Bangladesh,Bangladesh,9,Tanzim Hasan Sakib ,c Mohammad Nabi b Gulbadin Naib,3,10,0,0,30.00
52,Afghanistan vs Bangladesh,Bangladesh,10,Taskin Ahmed ,b Naveen-ul-Haq,2,9,0,0,22.22
52,Afghanistan vs Bangladesh,Bangladesh,11,Mustafizur Rahman ,lbw b Naveen-ul-Haq,0,1,0,0,0.00
53,Afghanistan vs South Africa,Afghanistan,1,Rahmanullah Gurbaz †,c Hendricks b Jansen,0,3,0,0,0.00
53,Afghanistan vs South Africa,Afghanistan,2,Ibrahim Zadran ,b Rabada,2,5,0,0,40.00
53,Afghanistan vs South Africa,Afghanistan,3,Gulbadin Naib ,b Jansen,9,8,2,0,112.50
53,Afghanistan vs South Africa,Afghanistan,4,Azmatullah Omarzai ,c Stubbs b Nortje,10,12,2,0,83.33
53,Afghanistan vs South Africa,Afghanistan,5,Mohammad Nabi ,b Rabada,0,3,0,0,0.00
53,Afghanistan vs South Africa,Afghanistan,6,Nangeyalia Kharote ,c †de Kock b Jansen,2,7,0,0,28.57
53,Afghanistan vs South Africa,Afghanistan,7,Karim Janat ,lbw b Shamsi,8,13,1,0,61.53
53,Afghanistan vs South Africa,Afghanistan,8,Rashid Khan (c),b Nortje,8,8,2,0,100.00
53,Afghanistan vs South Africa,Afghanistan,9,Noor Ahmad ,lbw b Shamsi,0,2,0,0,0.00
53,Afghanistan vs South Africa,Afghanistan,10,Naveen-ul-Haq ,lbw b Shamsi,2,8,0,0,25.00
53,Afghanistan vs South Africa,Afghanistan,11,Fazalhaq Farooqi ,not out,2,2,0,0,100.00
53,Afghanistan vs South Africa,South Africa,1,Quinton de Kock †,b Fazalhaq Farooqi,5,8,1,0,62.50
53,Afghanistan vs South Africa,South Africa,2,Reeza Hendricks ,not out,29,25,3,1,116.00
53,Afghanistan vs South Africa,South Africa,3,Aiden Markram (c),not out,23,21,4,0,109.52
54,India vs England,India,1,Rohit Sharma (c),b Rashid,57,39,6,2,146.15
54,India vs England,India,2,Virat Kohli ,b Topley,9,9,0,1,100.00
54,India vs England,India,3,Rishabh Pant †,c Bairstow b Curran,4,6,0,0,66.66
54,India vs England,India,4,Suryakumar Yadav ,c Jordan b Archer,47,36,4,2,130.55
54,India vs England,India,5,Hardik Pandya ,c Curran b Jordan,23,13,1,2,176.92
54,India vs England,India,6,Ravindra Jadeja ,not out,17,9,2,0,188.88
54,India vs England,India,7,Shivam Dube ,c †Buttler b Jordan,0,1,0,0,0.00
54,India vs England,India,8,Axar Patel ,c Salt b Jordan,10,6,0,1,166.66
54,India vs England,India,9,Arshdeep Singh ,not out,1,1,0,0,100.00
54,India vs England,England,1,Phil Salt ,b Bumrah,5,8,0,0,62.50
54,India vs England,England,2,Jos Buttler (c)†,c †Pant b Patel,23,15,4,0,153.33
54,India vs England,England,3,Moeen Ali ,st †Pant b Patel,8,10,0,0,80.00
54,India vs England,England,4,Jonny Bairstow ,b Patel,0,3,0,0,0.00
54,India vs England,England,5,Harry Brook ,b Kuldeep Yadav,25,19,3,0,131.57
54,India vs England,England,6,Sam Curran ,lbw b Kuldeep Yadav,2,4,0,0,50.00
54,India vs England,England,7,Liam Livingstone ,run out (Kuldeep Yadav/Patel),11,16,0,0,68.75
54,India vs England,England,8,Chris Jordan ,lbw b Kuldeep Yadav,1,5,0,0,20.00
54,India vs England,England,9,Jofra Archer ,lbw b Bumrah,21,15,1,2,140.00
54,India vs England,England,10,Adil Rashid ,run out (Yadav),2,2,0,0,100.00
54,India vs England,England,11,Reece Topley ,not out,3,3,0,0,100.00
55,India vs South Africa,India,1,Rohit Sharma (c),c Klaasen b Maharaj,9,5,2,0,180.00
55,India vs South Africa,India,2,Virat Kohli ,c Rabada b Jansen,76,59,6,2,128.81
55,India vs South Africa,India,3,Rishabh Pant †,c †de Kock b Maharaj,0,2,0,0,0.00
55,India vs South Africa,India,4,Suryakumar Yadav ,c Klaasen b Rabada,3,4,0,0,75.00
55,India vs South Africa,India,5,Axar Patel ,run out (†de Kock),47,31,1,4,151.61
55,India vs South Africa,India,6,Shivam Dube ,c Miller b Nortje,27,16,3,1,168.75
55,India vs South Africa,India,7,Hardik Pandya ,not out,5,2,1,0,250.00
55,India vs South Africa,India,8,Ravindra Jadeja ,c Maharaj b Nortje,2,2,0,0,100.00
55,India vs South Africa,South Africa,1,Reeza Hendricks ,b Bumrah,4,5,1,0,80.00
55,India vs South Africa,South Africa,2,Quinton de Kock †,c Kuldeep Yadav b Arshdeep Singh,39,31,4,1,125.80
55,India vs South Africa,South Africa,3,Aiden Markram (c),c †Pant b Arshdeep Singh,4,5,1,0,80.00
55,India vs South Africa,South Africa,4,Tristan Stubbs ,b Patel,31,21,3,1,147.61
55,India vs South Africa,South Africa,5,Heinrich Klaasen ,c †Pant b Pandya,52,27,2,5,192.59
55,India vs South Africa,South Africa,6,David Miller ,c Yadav b Pandya,21,17,1,1,123.52
55,India vs South Africa,South Africa,7,Marco Jansen ,b Bumrah,2,4,0,0,50.00
55,India vs South Africa,South Africa,8,Keshav Maharaj ,not out,2,7,0,0,28.57
55,India vs South Africa,South Africa,9,Kagiso Rabada ,c Yadav b Pandya,4,3,1,0,133.33
55,India vs South Africa,South Africa,10,Anrich Nortje ,not out,1,1,0,0,100.00
